Municipio;Obitos
110001 ALTA FLORESTA D'OESTE;7
110002 ARIQUEMES;41
110004 CACOAL;19
110005 CEREJEIRAS;9
110006 COLORADO DO OESTE;2
110008 COSTA MARQUES;6
110009 ESPIGAO D'OESTE;2
110010 GUAJARA-MIRIM;11
110011 JARU;9
110012 JI-PARANA;3
110013 MACHADINHO D'OESTE;17
110014 NOVA BRASILANDIA D'OESTE;3
110015 OURO PRETO DO OESTE;15
110018 PIMENTA BUENO;7
110020 PORTO VELHO;183
110025 PRESIDENTE MEDICI;1
110026 RIO CRESPO;5
110028 ROLIM DE MOURA;9
110030 VILHENA;25
110032 SAO MIGUEL DO GUAPORE;4
110033 NOVA MAMORE;14
110034 ALVORADA D'OESTE;2
110037 ALTO ALEGRE DOS PARECIS;5
110040 ALTO PARAISO;12
110045 BURITIS;25
110050 NOVO HORIZONTE DO OESTE;1
110060 CACAULANDIA;1
110070 CAMPO NOVO DE RONDONIA;15
110080 CANDEIAS DO JAMARI;4
110090 CASTANHEIRAS;1
110092 CHUPINGUAIA;1
110094 CUJUBIM;6
110120 MINISTRO ANDREAZZA;2
110130 MIRANTE DA SERRA;2
110140 MONTE NEGRO;8
110145 PARECIS;1
110147 PRIMAVERA DE RONDONIA;1
110148 SAO FELIPE D'OESTE;2
110149 SAO FRANCISCO DO GUAPORE;4
110150 SERINGUEIRAS;2
110160 THEOBROMA;1
110170 URUPA;3
110175 VALE DO ANARI;5
120001 ACRELANDIA;5
120010 BRASILEIA;6
120017 CAPIXABA;2
120020 CRUZEIRO DO SUL;17
120025 EPITACIOLANDIA;2
120030 FEIJO;7
120033 MANCIO LIMA;1
120035 MARECHAL THAUMATURGO;1
120038 PLACIDO DE CASTRO;2
120040 RIO BRANCO;95
120042 RODRIGUES ALVES;3
120045 SENADOR GUIOMARD;4
120050 SENA MADUREIRA;9
120060 TARAUACA;2
120070 XAPURI;1
120080 PORTO ACRE;3
130002 ALVARAES;1
130010 ANORI;1
130014 APUI;4
130020 ATALAIA DO NORTE;2
130030 AUTAZES;3
130040 BARCELOS;3
130060 BENJAMIN CONSTANT;3
130063 BERURI;2
130068 BOA VISTA DO RAMOS;2
130070 BOCA DO ACRE;6
130080 BORBA;3
130090 CANUTAMA;2
130100 CARAUARI;2
130110 CAREIRO;5
130115 CAREIRO DA VARZEA;1
130120 COARI;16
130130 CODAJAS;5
130140 EIRUNEPE;6
130160 FONTE BOA;6
130170 HUMAITA;3
130185 IRANDUBA;13
130190 ITACOATIARA;12
130200 ITAPIRANGA;1
130220 JURUA;2
130240 LABREA;7
130250 MANACAPURU;24
130255 MANAQUIRI;2
130260 MANAUS;798
130270 MANICORE;6
130290 MAUES;14
130310 NOVA OLINDA DO NORTE;2
130320 NOVO AIRAO;3
130330 NOVO ARIPUANA;1
130340 PARINTINS;10
130350 PAUINI;2
130353 PRESIDENTE FIGUEIREDO;6
130356 RIO PRETO DA EVA;5
130360 SANTA ISABEL DO RIO NEGRO;1
130370 SANTO ANTONIO DO ICA;1
130380 SAO GABRIEL DA CACHOEIRA;3
130390 SAO PAULO DE OLIVENCA;1
130395 SAO SEBASTIAO DO UATUMA;2
130400 SILVES;1
130406 TABATINGA;15
130410 TAPAUA;1
130420 TEFE;9
130426 UARINI;5
130430 URUCARA;4
140002 AMAJARI;3
140005 ALTO ALEGRE;4
140010 BOA VISTA;82
140015 BONFIM;2
140017 CANTA;3
140020 CARACARAI;5
140023 CAROEBE;2
140028 IRACEMA;2
140030 MUCAJAI;4
140045 PACARAIMA;1
140047 RORAINOPOLIS;7
140050 SAO JOAO DA BALIZA;1
140060 SAO LUIZ;2
140070 UIRAMUTA;1
150010 ABAETETUBA;42
150013 ABEL FIGUEIREDO;2
150020 ACARA;3
150030 AFUA;5
150034 AGUA AZUL DO NORTE;6
150040 ALENQUER;2
150050 ALMEIRIM;3
150060 ALTAMIRA;64
150070 ANAJAS;1
150080 ANANINDEUA;480
150085 ANAPU;12
150090 AUGUSTO CORREA;3
150095 AURORA DO PARA;4
150100 AVEIRO;2
150110 BAGRE;1
150120 BAIAO;14
150125 BANNACH;1
150130 BARCARENA;47
150140 BELEM;872
150150 BENEVIDES;30
150157 BOM JESUS DO TOCANTINS;2
150170 BRAGANCA;32
150172 BRASIL NOVO;2
150175 BREJO GRANDE DO ARAGUAIA;5
150178 BREU BRANCO;26
150180 BREVES;10
150190 BUJARU;3
150195 CACHOEIRA DO PIRIA;4
150210 CAMETA;9
150215 CANAA DOS CARAJAS;8
150220 CAPANEMA;13
150230 CAPITAO POCO;27
150240 CASTANHAL;105
150250 CHAVES;1
150260 COLARES;1
150270 CONCEICAO DO ARAGUAIA;13
150275 CONCORDIA DO PARA;8
150276 CUMARU DO NORTE;1
150277 CURIONOPOLIS;10
150280 CURRALINHO;4
150290 CURUCA;3
150293 DOM ELISEU;17
150295 ELDORADO DOS CARAJAS;15
150304 FLORESTA DO ARAGUAIA;8
150307 GARRAFAO DO NORTE;6
150309 GOIANESIA DO PARA;17
150310 GURUPA;3
150320 IGARAPE-ACU;5
150330 IGARAPE-MIRI;21
150340 INHANGAPI;3
150345 IPIXUNA DO PARA;11
150350 IRITUIA;4
150360 ITAITUBA;36
150370 ITUPIRANGA;21
150375 JACAREACANGA;2
150380 JACUNDA;25
150390 JURUTI;3
150400 LIMOEIRO DO AJURU;2
150405 MAE DO RIO;12
150410 MAGALHAES BARATA;2
150420 MARABA;240
150430 MARACANA;2
150440 MARAPANIM;4
150442 MARITUBA;124
150445 MEDICILANDIA;3
150460 MOCAJUBA;9
150470 MOJU;29
150480 MONTE ALEGRE;2
150490 MUANA;3
150495 NOVA ESPERANCA DO PIRIA;3
150497 NOVA IPIXUNA;6
150500 NOVA TIMBOTEUA;1
150503 NOVO PROGRESSO;26
150506 NOVO REPARTIMENTO;28
150510 OBIDOS;4
150520 OEIRAS DO PARA;2
150530 ORIXIMINA;3
150540 OUREM;5
150543 OURILANDIA DO NORTE;21
150548 PACAJA;28
150549 PALESTINA DO PARA;1
150550 PARAGOMINAS;101
150553 PARAUAPEBAS;78
150555 PAU D'ARCO;1
150560 PEIXE-BOI;3
150563 PICARRA;4
150565 PLACAS;1
150580 PORTEL;12
150590 PORTO DE MOZ;5
150600 PRAINHA;3
150610 PRIMAVERA;4
150613 REDENCAO;49
150616 RIO MARIA;3
150618 RONDON DO PARA;41
150619 RUROPOLIS;2
150620 SALINOPOLIS;11
150630 SALVATERRA;3
150635 SANTA BARBARA DO PARA;5
150650 SANTA IZABEL DO PARA;24
150655 SANTA LUZIA DO PARA;2
150658 SANTA MARIA DAS BARREIRAS;1
150660 SANTA MARIA DO PARA;10
150670 SANTANA DO ARAGUAIA;23
150680 SANTAREM;10
150700 SANTO ANTONIO DO TAUA;6
150710 SAO CAETANO DE ODIVELAS;4
150715 SAO DOMINGOS DO ARAGUAIA;25
150720 SAO DOMINGOS DO CAPIM;8
150730 SAO FELIX DO XINGU;27
150740 SAO FRANCISCO DO PARA;1
150745 SAO GERALDO DO ARAGUAIA;15
150746 SAO JOAO DA PONTA;1
150747 SAO JOAO DE PIRABAS;7
150750 SAO JOAO DO ARAGUAIA;5
150760 SAO MIGUEL DO GUAMA;20
150770 SAO SEBASTIAO DA BOA VISTA;1
150780 SENADOR JOSE PORFIRIO;1
150795 TAILANDIA;63
150796 TERRA ALTA;4
150797 TERRA SANTA;1
150800 TOME-ACU;36
150803 TRACUATEUA;1
150808 TUCUMA;39
150810 TUCURUI;59
150812 ULIANOPOLIS;15
150815 URUARA;15
150820 VIGIA;10
150830 VISEU;3
150840 XINGUARA;22
160010 AMAPA;1
160020 CALCOENE;3
160021 CUTIAS;1
160023 FERREIRA GOMES;1
160025 ITAUBAL;1
160027 LARANJAL DO JARI;14
160030 MACAPA;181
160040 MAZAGAO;4
160050 OIAPOQUE;2
160053 PORTO GRANDE;6
160060 SANTANA;41
160070 TARTARUGALZINHO;1
160080 VITORIA DO JARI;3
170025 ABREULANDIA;1
170030 AGUIARNOPOLIS;1
170035 ALIANCA DO TOCANTINS;1
170070 ALVORADA;3
170100 ANANAS;5
170105 ANGICO;1
170200 ARAGUACU;4
170210 ARAGUAINA;50
170220 ARAGUATINS;17
170240 ARRAIAS;2
170255 AUGUSTINOPOLIS;2
170290 AXIXA DO TOCANTINS;3
170300 BABACULANDIA;1
170310 BARROLANDIA;2
170330 BOM JESUS DO TOCANTINS;3
170370 BREJINHO DE NAZARE;2
170384 CAMPOS LINDOS;3
170510 CHAPADA DA NATIVIDADE;1
170550 COLINAS DO TOCANTINS;6
170560 CONCEICAO DO TOCANTINS;1
170600 COUTO MAGALHAES;1
170610 CRISTALANDIA;1
170650 DARCINOPOLIS;1
170700 DIANOPOLIS;4
170740 ESPERANTINA;1
170770 FILADELFIA;1
170820 FORMOSO DO ARAGUAIA;5
170830 GOIANORTE;1
170900 GOIATINS;2
170930 GUARAI;6
170950 GURUPI;17
170980 IPUEIRAS;1
171050 ITACAJA;2
171090 ITAPIRATINS;1
171110 ITAPORA DO TOCANTINS;2
171150 JAU DO TOCANTINS;1
171195 LAGOA DO TOCANTINS;2
171200 LAJEADO;2
171280 MAURILANDIA DO TOCANTINS;1
171320 MIRACEMA DO TOCANTINS;4
171330 MIRANORTE;4
171360 MONTE DO CARMO;1
171370 MONTE SANTO DO TOCANTINS;1
171380 PALMEIRAS DO TOCANTINS;1
171420 NATIVIDADE;1
171430 NAZARE;1
171488 NOVA OLINDA;4
171510 NOVO ACORDO;2
171515 NOVO ALEGRE;1
171525 NOVO JARDIM;1
171570 PALMEIRANTE;2
171610 PARAISO DO TOCANTINS;9
171630 PAU D'ARCO;2
171650 PEDRO AFONSO;3
171660 PEIXE;4
171670 COLMEIA;2
171700 PINDORAMA DO TOCANTINS;1
171790 PONTE ALTA DO TOCANTINS;2
171820 PORTO NACIONAL;20
171830 PRAIA NORTE;1
171840 PRESIDENTE KENNEDY;1
171845 PUGMIL;1
171850 RECURSOLANDIA;1
171880 SAMPAIO;2
171886 SANTA FE DO ARAGUAIA;1
171890 SANTA ROSA DO TOCANTINS;2
171900 SANTA TEREZA DO TOCANTINS;1
172000 SANTA TEREZINHA DO TOCANTINS;1
172010 SAO BENTO DO TOCANTINS;2
172020 SAO MIGUEL DO TOCANTINS;1
172030 SAO SEBASTIAO DO TOCANTINS;1
172049 SAO VALERIO;1
172065 SILVANOPOLIS;1
172090 TAGUATINGA;6
172100 PALMAS;46
172110 TOCANTINIA;1
172120 TOCANTINOPOLIS;6
172130 TUPIRATINS;1
172208 WANDERLANDIA;3
210005 ACAILANDIA;45
210015 AGUA DOCE DO MARANHAO;2
210020 ALCANTARA;2
210030 ALDEIAS ALTAS;3
210040 ALTAMIRA DO MARANHAO;1
210043 ALTO ALEGRE DO MARANHAO;6
210047 ALTO ALEGRE DO PINDARE;7
210050 ALTO PARNAIBA;1
210055 AMAPA DO MARANHAO;1
210060 AMARANTE DO MARANHAO;15
210070 ANAJATUBA;3
210080 ANAPURUS;1
210095 ARAME;2
210100 ARARI;3
210110 AXIXA;2
210120 BACABAL;35
210125 BACABEIRA;2
210130 BACURI;1
210135 BACURITUBA;1
210140 BALSAS;29
210150 BARAO DE GRAJAU;2
210160 BARRA DO CORDA;9
210170 BARREIRINHAS;2
210177 BELA VISTA DO MARANHAO;1
210197 BOA VISTA DO GURUPI;5
210200 BOM JARDIM;10
210203 BOM JESUS DAS SELVAS;5
210207 BOM LUGAR;1
210210 BREJO;1
210215 BREJO DE AREIA;1
210230 BURITI BRAVO;2
210232 BURITICUPU;28
210237 CACHOEIRA GRANDE;1
210240 CAJAPIO;1
210255 CAMPESTRE DO MARANHAO;2
210260 CANDIDO MENDES;4
210275 CAPINZAL DO NORTE;1
210280 CAROLINA;2
210290 CARUTAPERA;2
210300 CAXIAS;38
210312 CENTRAL DO MARANHAO;3
210317 CENTRO NOVO DO MARANHAO;1
210320 CHAPADINHA;6
210325 CIDELANDIA;1
210330 CODO;30
210340 COELHO NETO;14
210350 COLINAS;4
210355 CONCEICAO DO LAGO-ACU;2
210360 COROATA;7
210370 CURURUPU;6
210375 DAVINOPOLIS;1
210380 DOM PEDRO;2
210390 DUQUE BACELAR;1
210400 ESPERANTINOPOLIS;3
210405 ESTREITO;15
210420 FORTUNA;3
210440 GONCALVES DIAS;2
210455 GOVERNADOR EDISON LOBAO;7
210462 GOVERNADOR LUIZ ROCHA;1
210465 GOVERNADOR NEWTON BELLO;2
210467 GOVERNADOR NUNES FREIRE;10
210480 GRAJAU;22
210490 GUIMARAES;2
210500 HUMBERTO DE CAMPOS;4
210520 IGARAPE GRANDE;5
210530 IMPERATRIZ;106
210535 ITAIPAVA DO GRAJAU;2
210540 ITAPECURU MIRIM;11
210542 ITINGA DO MARANHAO;12
210545 JATOBA;1
210547 JENIPAPO DOS VIEIRAS;5
210550 JOAO LISBOA;3
210565 JUNCO DO MARANHAO;2
210570 LAGO DA PEDRA;15
210590 LAGO VERDE;2
210598 LAJEADO NOVO;1
210600 LIMA CAMPOS;1
210632 MARACACUME;2
210637 MARANHAOZINHO;1
210650 MATINHA;2
210660 MATOES;2
210663 MATOES DO NORTE;1
210670 MIRADOR;1
210675 MIRANDA DO NORTE;4
210680 MIRINZAL;1
210690 MONCAO;3
210710 MORROS;2
210720 NINA RODRIGUES;1
210735 NOVA OLINDA DO MARANHAO;1
210740 OLHO D'AGUA DAS CUNHAS;4
210750 PACO DO LUMIAR;18
210760 PALMEIRANDIA;2
210770 PARAIBANO;3
210780 PARNARAMA;5
210790 PASSAGEM FRANCA;5
210800 PASTOS BONS;1
210810 PAULO RAMOS;4
210820 PEDREIRAS;14
210825 PEDRO DO ROSARIO;1
210830 PENALVA;12
210840 PERI MIRIM;1
210845 PERITORO;2
210850 PINDARE-MIRIM;4
210860 PINHEIRO;15
210870 PIO XII;1
210880 PIRAPEMAS;2
210890 POCAO DE PEDRAS;2
210900 PORTO FRANCO;4
210910 PRESIDENTE DUTRA;22
210920 PRESIDENTE JUSCELINO;1
210923 PRESIDENTE MEDICI;2
210930 PRESIDENTE VARGAS;2
210940 PRIMEIRA CRUZ;1
210945 RAPOSA;11
210950 RIACHAO;4
210955 RIBAMAR FIQUENE;2
210960 ROSARIO;9
210980 SANTA HELENA;6
210990 SANTA INES;25
211000 SANTA LUZIA;12
211003 SANTA LUZIA DO PARUA;3
211010 SANTA QUITERIA DO MARANHAO;7
211020 SANTA RITA;1
211023 SANTANA DO MARANHAO;1
211027 SANTO AMARO DO MARANHAO;1
211050 SAO BENTO;2
211070 SAO DOMINGOS DO MARANHAO;4
211085 SAO FRANCISCO DO BREJAO;2
211100 SAO JOAO BATISTA;1
211110 SAO JOAO DOS PATOS;2
211120 SAO JOSE DE RIBAMAR;46
211125 SAO JOSE DOS BASILIOS;1
211130 SAO LUIS;447
211150 SAO MATEUS DO MARANHAO;11
211153 SAO PEDRO DA AGUA BRANCA;1
211160 SAO RAIMUNDO DAS MANGABEIRAS;2
211167 SAO ROBERTO;1
211170 SAO VICENTE FERRER;3
211174 SENADOR ALEXANDRE COSTA;2
211176 SENADOR LA ROCQUE;3
211180 SITIO NOVO;1
211190 SUCUPIRA DO NORTE;1
211200 TASSO FRAGOSO;1
211210 TIMBIRAS;2
211220 TIMON;34
211223 TRIZIDELA DO VALE;3
211230 TUNTUM;3
211240 TURIACU;3
211245 TURILANDIA;3
211250 TUTOIA;5
211260 URBANO SANTOS;1
211270 VARGEM GRANDE;6
211280 VIANA;10
211285 VILA NOVA DOS MARTIRIOS;1
211290 VITORIA DO MEARIM;7
211300 VITORINO FREIRE;8
211400 ZE DOCA;14
220020 AGUA BRANCA;2
220025 ALAGOINHA DO PIAUI;2
220030 ALTO LONGA;1
220040 ALTOS;4
220045 ALVORADA DO GURGUEIA;1
220050 AMARANTE;2
220105 ASSUNCAO DO PIAUI;1
220110 AVELINO LOPES;1
220120 BARRAS;2
220140 BARRO DURO;1
220150 BATALHA;3
220173 BETANIA DO PIAUI;2
220190 BOM JESUS;3
220200 BURITI DOS LOPES;3
220205 CABECEIRAS DO PIAUI;1
220220 CAMPO MAIOR;6
220225 CANAVIEIRA;1
220240 CAPITAO DE CAMPOS;1
220250 CARACOL;1
220253 CARAUBAS DO PIAUI;1
220255 CARIDADE DO PIAUI;1
220260 CASTELO DO PIAUI;1
220270 COCAL;2
220272 COCAL DOS ALVES;1
220285 CORONEL JOSE DIAS;2
220290 CORRENTE;2
220300 CRISTALANDIA DO PIAUI;1
220310 CRISTINO CASTRO;1
220340 DOM EXPEDITO LOPES;1
220350 ELESBAO VELOSO;1
220370 ESPERANTINA;4
220390 FLORIANO;8
220415 FRANCISCO MACEDO;1
220440 GILBUES;1
220450 GUADALUPE;2
220470 INHUMA;1
220527 JATOBA DO PIAUI;1
220530 JERUMENHA;1
220540 JOAQUIM PIRES;5
220545 JOCA MARQUES;1
220550 JOSE DE FREITAS;1
220553 JUREMA;1
220570 LUIS CORREIA;1
220580 LUZILANDIA;4
220590 MANOEL EMIDIO;1
220595 MARCOLANDIA;1
220620 MIGUEL ALVES;1
220635 MILTON BRANDAO;1
220640 MONSENHOR GIL;2
220667 MORRO DO CHAPEU DO PIAUI;1
220672 NAZARIA;1
220695 NOVO SANTO ANTONIO;1
220700 OEIRAS;1
220755 PAQUETA;2
220760 PARNAGUA;2
220770 PARNAIBA;31
220780 PAULISTANA;3
220785 PAVUSSU;1
220790 PEDRO II;1
220800 PICOS;16
220810 PIMENTEIRAS;4
220830 PIRACURUCA;2
220840 PIRIPIRI;4
220850 PORTO;1
220865 QUEIMADA NOVA;1
220880 REGENERACAO;1
220900 RIO GRANDE DO PIAUI;2
220910 SANTA CRUZ DO PIAUI;1
220915 SANTA CRUZ DOS MILAGRES;1
220930 SANTA LUZ;1
220937 SANTA ROSA DO PIAUI;1
220940 SANTO ANTONIO DE LISBOA;1
220990 SAO JOAO DA SERRA;2
220997 SAO JOAO DO ARRAIAL;1
221000 SAO JOAO DO PIAUI;1
221020 SAO JOSE DO PIAUI;1
221060 SAO RAIMUNDO NONATO;5
221063 SEBASTIAO LEAL;1
221070 SIMOES;2
221093 SUSSUAPARA;1
221100 TERESINA;197
221110 UNIAO;3
221120 URUCUI;2
221130 VALENCA DO PIAUI;1
221170 WALL FERRAZ;1
230015 ACARAPE;4
230020 ACARAU;6
230030 ACOPIARA;22
230040 AIUABA;6
230050 ALCANTARAS;1
230060 ALTANEIRA;1
230070 ALTO SANTO;4
230075 AMONTADA;6
230080 ANTONINA DO NORTE;2
230090 APUIARES;1
230100 AQUIRAZ;37
230110 ARACATI;11
230120 ARACOIABA;3
230125 ARARENDA;1
230130 ARARIPE;8
230140 ARATUBA;4
230150 ARNEIROZ;2
230160 ASSARE;2
230170 AURORA;5
230180 BAIXIO;1
230185 BANABUIU;5
230190 BARBALHA;14
230195 BARREIRA;2
230200 BARRO;4
230210 BATURITE;8
230220 BEBERIBE;5
230230 BELA CRUZ;1
230240 BOA VIAGEM;16
230250 BREJO SANTO;10
230260 CAMOCIM;4
230270 CAMPOS SALES;9
230280 CANINDE;19
230300 CARIDADE;7
230320 CARIRIACU;11
230330 CARIUS;3
230350 CASCAVEL;12
230360 CATARINA;2
230365 CATUNDA;1
230370 CAUCAIA;166
230380 CEDRO;5
230390 CHAVAL;2
230393 CHORO;4
230395 CHOROZINHO;5
230400 COREAU;3
230410 CRATEUS;6
230420 CRATO;44
230425 CRUZ;1
230426 DEPUTADO IRAPUAN PINHEIRO;1
230427 ERERE;1
230428 EUSEBIO;27
230430 FARIAS BRITO;1
230435 FORQUILHA;3
230440 FORTALEZA;1164
230450 FRECHEIRINHA;1
230460 GENERAL SAMPAIO;1
230470 GRANJA;3
230480 GRANJEIRO;1
230490 GROAIRAS;1
230495 GUAIUBA;4
230500 GUARACIABA DO NORTE;3
230510 GUARAMIRANGA;1
230520 HIDROLANDIA;1
230523 HORIZONTE;23
230526 IBARETAMA;3
230530 IBIAPINA;1
230533 IBICUITINGA;4
230535 ICAPUI;6
230540 ICO;18
230550 IGUATU;21
230560 INDEPENDENCIA;4
230570 IPAUMIRIM;2
230580 IPU;2
230590 IPUEIRAS;7
230600 IRACEMA;3
230610 IRAUCUBA;3
230620 ITAICABA;1
230625 ITAITINGA;18
230630 ITAPAGE;19
230640 ITAPIPOCA;24
230650 ITAPIUNA;4
230655 ITAREMA;3
230660 ITATIRA;1
230670 JAGUARETAMA;8
230680 JAGUARIBARA;7
230690 JAGUARIBE;10
230700 JAGUARUANA;1
230710 JARDIM;2
230720 JATI;2
230725 JIJOCA DE JERICOACOARA;7
230730 JUAZEIRO DO NORTE;77
230740 JUCAS;1
230750 LAVRAS DA MANGABEIRA;8
230760 LIMOEIRO DO NORTE;15
230765 MARACANAU;118
230770 MARANGUAPE;29
230780 MARCO;2
230790 MARTINOPOLE;1
230800 MASSAPE;3
230810 MAURITI;9
230830 MILAGRES;4
230835 MILHA;5
230837 MIRAIMA;4
230840 MISSAO VELHA;5
230850 MOMBACA;18
230860 MONSENHOR TABOSA;5
230870 MORADA NOVA;16
230880 MORAUJO;1
230890 MORRINHOS;1
230910 MULUNGU;1
230920 NOVA OLINDA;4
230930 NOVA RUSSAS;5
230940 NOVO ORIENTE;5
230945 OCARA;2
230950 OROS;4
230960 PACAJUS;18
230970 PACATUBA;11
230980 PACOTI;3
230990 PACUJA;1
231000 PALHANO;1
231010 PALMACIA;7
231020 PARACURU;4
231025 PARAIPABA;8
231030 PARAMBU;11
231040 PARAMOTI;4
231050 PEDRA BRANCA;15
231060 PENAFORTE;2
231070 PENTECOSTE;6
231080 PEREIRO;1
231085 PINDORETAMA;2
231090 PIQUET CARNEIRO;2
231100 PORANGA;1
231110 PORTEIRAS;5
231126 QUITERIANOPOLIS;5
231130 QUIXADA;34
231140 QUIXERAMOBIM;31
231150 QUIXERE;7
231160 REDENCAO;10
231170 RERIUTABA;2
231180 RUSSAS;13
231190 SABOEIRO;4
231195 SALITRE;2
231200 SANTANA DO ACARAU;5
231210 SANTANA DO CARIRI;3
231220 SANTA QUITERIA;4
231230 SAO BENEDITO;7
231240 SAO GONCALO DO AMARANTE;11
231250 SAO JOAO DO JAGUARIBE;5
231260 SAO LUIS DO CURU;2
231270 SENADOR POMPEU;13
231280 SENADOR SA;1
231290 SOBRAL;29
231300 SOLONOPOLE;3
231310 TABULEIRO DO NORTE;17
231320 TAMBORIL;6
231330 TAUA;19
231335 TEJUCUOCA;1
231340 TIANGUA;17
231350 TRAIRI;8
231355 TURURU;2
231360 UBAJARA;5
231375 UMIRIM;2
231380 URUBURETAMA;6
231390 URUOCA;2
231395 VARJOTA;3
231400 VARZEA ALEGRE;4
231410 VICOSA DO CEARA;8
240020 ACU;23
240050 ALEXANDRIA;5
240070 ALTO DO RODRIGUES;3
240090 ANTONIO MARTINS;3
240100 APODI;7
240110 AREIA BRANCA;2
240120 ARES;2
240130 AUGUSTO SEVERO;2
240140 BAIA FORMOSA;2
240145 BARAUNA;3
240160 BENTO FERNANDES;3
240180 BREJINHO;2
240185 CAICARA DO NORTE;1
240200 CAICO;8
240210 CAMPO REDONDO;1
240220 CANGUARETAMA;6
240230 CARAUBAS;13
240240 CARNAUBA DOS DANTAS;1
240260 CEARA-MIRIM;14
240280 CORONEL EZEQUIEL;1
240290 CORONEL JOAO PESSOA;2
240310 CURRAIS NOVOS;3
240320 DOUTOR SEVERIANO;1
240325 PARNAMIRIM;42
240340 EQUADOR;1
240350 ESPIRITO SANTO;1
240360 EXTREMOZ;3
240400 FRUTUOSO GOMES;1
240420 GOIANINHA;5
240470 IPANGUACU;5
240485 ITAJA;1
240490 ITAU;1
240500 JACANA;3
240510 JANDAIRA;1
240560 JARDIM DE PIRANHAS;2
240580 JOAO CAMARA;4
240590 JOAO DIAS;4
240610 JUCURUTU;1
240620 LAGOA D'ANTA;1
240630 LAGOA DE PEDRAS;3
240670 LAJES;1
240680 LAJES PINTADAS;1
240690 LUCRECIA;3
240710 MACAIBA;20
240720 MACAU;6
240730 MARCELINO VIEIRA;2
240740 MARTINS;1
240750 MAXARANGUAPE;2
240770 MONTANHAS;3
240780 MONTE ALEGRE;2
240800 MOSSORO;127
240810 NATAL;282
240820 NISIA FLORESTA;6
240830 NOVA CRUZ;4
240860 PARANA;1
240890 PARELHAS;2
240895 RIO DO FOGO;1
240910 PASSA E FICA;1
240930 PATU;3
240940 PAU DOS FERROS;7
240950 PEDRA GRANDE;1
240960 PEDRA PRETA;1
240970 PEDRO AVELINO;1
240980 PEDRO VELHO;3
240990 PENDENCIAS;3
241000 PILOES;1
241010 POCO BRANCO;4
241020 PORTALEGRE;1
241025 PORTO DO MANGUE;2
241030 SERRA CAIADA;3
241040 PUREZA;1
241050 RAFAEL FERNANDES;1
241060 RAFAEL GODEIRO;3
241100 RODOLFO FERNANDES;1
241105 TIBAU;1
241120 SANTA CRUZ;13
241140 SANTANA DO MATOS;1
241150 SANTO ANTONIO;10
241200 SAO GONCALO DO AMARANTE;34
241220 SAO JOSE DE MIPIBU;6
241250 SAO MIGUEL;3
241260 SAO PAULO DO POTENGI;1
241270 SAO PEDRO;1
241280 SAO RAFAEL;3
241330 SERRA DE SAO BENTO;1
241340 SERRA NEGRA DO NORTE;1
241350 SERRINHA;1
241355 SERRINHA DOS PINTOS;1
241390 TAIPU;3
241400 TANGARA;2
241410 TENENTE ANANIAS;2
241420 TIBAU DO SUL;2
241440 TOUROS;3
241445 TRIUNFO POTIGUAR;1
241450 UMARIZAL;12
241460 UPANEMA;1
241480 VERA CRUZ;1
250020 AGUIAR;1
250030 ALAGOA GRANDE;2
250040 ALAGOA NOVA;7
250050 ALAGOINHA;2
250053 ALCANTIL;1
250057 ALGODAO DE JANDAIRA;2
250060 ALHANDRA;7
250070 SAO JOAO DO RIO DO PEIXE;3
250073 AMPARO;1
250077 APARECIDA;1
250080 ARACAGI;2
250090 ARARA;3
250100 ARARUNA;2
250110 AREIA;5
250115 AREIA DE BARAUNAS;1
250130 AROEIRAS;3
250140 BAIA DA TRAICAO;1
250150 BANANEIRAS;9
250157 BARRA DE SANTANA;2
250160 BARRA DE SANTA ROSA;5
250170 BARRA DE SAO MIGUEL;1
250180 BAYEUX;82
250190 BELEM;1
250240 BONITO DE SANTA FE;2
250250 BOQUEIRAO;6
250260 IGARACY;1
250280 BREJO DO CRUZ;4
250290 BREJO DOS SANTOS;6
250300 CAAPORA;11
250320 CABEDELO;72
250330 CACHOEIRA DOS INDIOS;1
250350 CACIMBA DE DENTRO;2
250355 CACIMBAS;1
250370 CAJAZEIRAS;9
250380 CALDAS BRANDAO;1
250390 CAMALAU;1
250400 CAMPINA GRANDE;187
250403 CAPIM;2
250420 CATINGUEIRA;1
250430 CATOLE DO ROCHA;7
250440 CONCEICAO;3
250450 CONDADO;1
250460 CONDE;14
250470 CONGO;2
250480 COREMAS;1
250485 COXIXOLA;1
250500 CUBATI;2
250510 CUITE;5
250520 CUITEGI;2
250530 CURRAL VELHO;2
250540 DESTERRO;2
250560 DIAMANTE;4
250570 DONA INES;2
250580 DUAS ESTRADAS;1
250600 ESPERANCA;4
250610 FAGUNDES;1
250625 GADO BRAVO;2
250630 GUARABIRA;19
250640 GURINHEM;1
250660 IBIARA;4
250670 IMACULADA;1
250680 INGA;3
250690 ITABAIANA;8
250700 ITAPORANGA;2
250710 ITAPOROROCA;4
250720 ITATUBA;1
250730 JACARAU;3
250740 JERICO;2
250750 JOAO PESSOA;494
250770 JUAZEIRINHO;1
250780 JUNCO DO SERIDO;1
250800 JURU;2
250830 LAGOA SECA;6
250850 LIVRAMENTO;2
250860 LUCENA;8
250890 MAMANGUAPE;11
250900 MANAIRA;4
250910 MARI;6
250930 MATARACA;1
250939 MATUREIA;2
250940 MOGEIRO;2
250970 MONTEIRO;5
250980 MULUNGU;4
250990 NATUBA;2
251010 NOVA FLORESTA;4
251020 NOVA OLINDA;1
251040 OLHO D'AGUA;3
251050 OLIVEDOS;1
251080 PATOS;57
251090 PAULISTA;3
251110 PEDRA LAVRADA;1
251120 PEDRAS DE FOGO;12
251130 PIANCO;1
251150 PILAR;3
251160 PILOES;1
251180 PIRPIRITUBA;2
251190 PITIMBU;4
251200 POCINHOS;4
251210 POMBAL;6
251230 PRINCESA ISABEL;2
251240 PUXINANA;7
251250 QUEIMADAS;11
251270 REMIGIO;2
251274 RIACHAO;1
251280 RIACHO DOS CAVALOS;1
251290 RIO TINTO;7
251310 SALGADO DE SAO FELIX;2
251315 SANTA CECILIA;2
251320 SANTA CRUZ;1
251330 SANTA HELENA;1
251335 SANTA INES;2
251350 SANTANA DE MANGUEIRA;3
251360 SANTANA DOS GARROTES;1
251370 SANTA RITA;99
251380 SANTA TERESINHA;2
251390 SAO BENTO;17
251410 SAO JOAO DO TIGRE;1
251420 SAO JOSE DA LAGOA TAPADA;1
251440 SAO JOSE DE ESPINHARAS;1
251455 SAO JOSE DE PRINCESA;1
251460 SAO JOSE DO BONFIM;1
251480 SAO JOSE DOS CORDEIROS;1
251490 SAO MAMEDE;3
251510 SAO SEBASTIAO DE LAGOA DE ROCA;8
251530 SAPE;19
251540 SAO VICENTE DO SERIDO;1
251550 SERRA BRANCA;2
251580 SERRA REDONDA;2
251610 SOLEDADE;2
251620 SOUSA;13
251640 TACIMA;1
251650 TAPEROA;4
251660 TAVARES;1
251670 TEIXEIRA;5
251690 UIRAUNA;2
251700 UMBUZEIRO;4
251710 VARZEA;1
260005 ABREU E LIMA;57
260010 AFOGADOS DA INGAZEIRA;11
260020 AFRANIO;1
260030 AGRESTINA;12
260040 AGUA PRETA;4
260050 AGUAS BELAS;10
260060 ALAGOINHA;3
260070 ALIANCA;10
260080 ALTINHO;5
260090 AMARAJI;11
260100 ANGELIM;4
260105 ARACOIABA;8
260110 ARARIPINA;14
260120 ARCOVERDE;31
260130 BARRA DE GUABIRABA;2
260140 BARREIROS;10
260150 BELEM DE MARIA;8
260160 BELEM DE SAO FRANCISCO;5
260170 BELO JARDIM;15
260180 BETANIA;4
260190 BEZERROS;18
260200 BODOCO;3
260210 BOM CONSELHO;6
260220 BOM JARDIM;11
260230 BONITO;14
260240 BREJAO;2
260250 BREJINHO;1
260260 BREJO DA MADRE DE DEUS;23
260270 BUENOS AIRES;4
260280 BUIQUE;16
260290 CABO DE SANTO AGOSTINHO;125
260300 CABROBO;12
260310 CACHOEIRINHA;4
260320 CAETES;8
260330 CALCADO;1
260340 CALUMBI;2
260345 CAMARAGIBE;57
260350 CAMOCIM DE SAO FELIX;4
260360 CAMUTANGA;1
260370 CANHOTINHO;11
260380 CAPOEIRAS;3
260390 CARNAIBA;3
260392 CARNAUBEIRA DA PENHA;6
260400 CARPINA;29
260410 CARUARU;122
260415 CASINHAS;3
260420 CATENDE;10
260430 CEDRO;2
260440 CHA DE ALEGRIA;2
260450 CHA GRANDE;7
260460 CONDADO;9
260470 CORRENTES;11
260480 CORTES;2
260490 CUMARU;5
260500 CUPIRA;7
260510 CUSTODIA;8
260515 DORMENTES;2
260520 ESCADA;23
260530 EXU;7
260540 FEIRA NOVA;9
260550 FERREIROS;2
260560 FLORES;3
260570 FLORESTA;20
260580 FREI MIGUELINHO;4
260590 GAMELEIRA;8
260600 GARANHUNS;49
260610 GLORIA DO GOITA;9
260620 GOIANA;39
260630 GRANITO;2
260640 GRAVATA;22
260650 IATI;5
260660 IBIMIRIM;14
260670 IBIRAJUBA;4
260680 IGARASSU;55
260690 IGUARACY;4
260700 INAJA;3
260720 IPOJUCA;39
260730 IPUBI;4
260740 ITACURUBA;2
260750 ITAIBA;6
260760 ILHA DE ITAMARACA;17
260765 ITAMBE;16
260770 ITAPETIM;2
260775 ITAPISSUMA;31
260780 ITAQUITINGA;10
260790 JABOATAO DOS GUARARAPES;295
260795 JAQUEIRA;2
260800 JATAUBA;2
260805 JATOBA;2
260810 JOAO ALFREDO;18
260820 JOAQUIM NABUCO;7
260825 JUCATI;2
260830 JUPI;10
260840 JUREMA;4
260845 LAGOA DO CARRO;3
260850 LAGOA DE ITAENGA;13
260870 LAGOA DOS GATOS;3
260875 LAGOA GRANDE;5
260880 LAJEDO;18
260890 LIMOEIRO;22
260900 MACAPARANA;8
260915 MANARI;6
260920 MARAIAL;8
260930 MIRANDIBA;2
260940 MORENO;21
260950 NAZARE DA MATA;9
260960 OLINDA;215
260970 OROBO;8
260980 OROCO;4
260990 OURICURI;16
261000 PALMARES;22
261010 PALMEIRINA;4
261020 PANELAS;6
261030 PARANATAMA;1
261040 PARNAMIRIM;5
261050 PASSIRA;5
261060 PAUDALHO;12
261070 PAULISTA;115
261080 PEDRA;11
261090 PESQUEIRA;40
261100 PETROLANDIA;8
261110 PETROLINA;86
261120 POCAO;3
261130 POMBOS;12
261140 PRIMAVERA;6
261150 QUIPAPA;22
261160 RECIFE;664
261170 RIACHO DAS ALMAS;1
261180 RIBEIRAO;20
261190 RIO FORMOSO;6
261200 SAIRE;4
261220 SALGUEIRO;5
261230 SALOA;5
261240 SANHARO;5
261245 SANTA CRUZ;7
261247 SANTA CRUZ DA BAIXA VERDE;5
261250 SANTA CRUZ DO CAPIBARIBE;42
261255 SANTA FILOMENA;5
261260 SANTA MARIA DA BOA VISTA;6
261270 SANTA MARIA DO CAMBUCA;10
261280 SANTA TEREZINHA;2
261290 SAO BENEDITO DO SUL;2
261300 SAO BENTO DO UNA;9
261310 SAO CAITANO;5
261320 SAO JOAO;8
261330 SAO JOAQUIM DO MONTE;7
261340 SAO JOSE DA COROA GRANDE;11
261350 SAO JOSE DO BELMONTE;9
261360 SAO JOSE DO EGITO;5
261370 SAO LOURENCO DA MATA;32
261380 SAO VICENTE FERRER;2
261390 SERRA TALHADA;29
261400 SERRITA;1
261410 SERTANIA;14
261420 SIRINHAEM;11
261430 MOREILANDIA;4
261450 SURUBIM;14
261460 TABIRA;10
261470 TACAIMBO;1
261480 TACARATU;3
261485 TAMANDARE;7
261500 TAQUARITINGA DO NORTE;7
261510 TEREZINHA;2
261530 TIMBAUBA;15
261540 TORITAMA;24
261550 TRACUNHAEM;1
261560 TRINDADE;12
261580 TUPANATINGA;6
261590 TUPARETAMA;3
261600 VENTUROSA;4
261610 VERDEJANTE;1
261618 VERTENTE DO LERIO;2
261620 VERTENTES;8
261630 VICENCIA;9
261640 VITORIA DE SANTO ANTAO;64
261650 XEXEU;8
270010 AGUA BRANCA;4
270020 ANADIA;5
270030 ARAPIRACA;159
270040 ATALAIA;33
270050 BARRA DE SANTO ANTONIO;6
270060 BARRA DE SAO MIGUEL;4
270070 BATALHA;6
270080 BELEM;3
270090 BELO MONTE;4
270100 BOCA DA MATA;19
270110 BRANQUINHA;4
270120 CACIMBINHAS;6
270130 CAJUEIRO;13
270140 CAMPO ALEGRE;7
270150 CAMPO GRANDE;1
270160 CANAPI;5
270170 CAPELA;15
270180 CARNEIROS;5
270200 COITE DO NOIA;3
270210 COLONIA LEOPOLDINA;9
270220 COQUEIRO SECO;7
270230 CORURIPE;33
270235 CRAIBAS;7
270240 DELMIRO GOUVEIA;35
270250 DOIS RIACHOS;2
270255 ESTRELA DE ALAGOAS;6
270260 FEIRA GRANDE;12
270270 FELIZ DESERTO;3
270280 FLEXEIRAS;6
270290 GIRAU DO PONCIANO;10
270300 IBATEGUARA;9
270310 IGACI;15
270320 IGREJA NOVA;6
270330 INHAPI;3
270340 JACARE DOS HOMENS;3
270350 JACUIPE;1
270370 JARAMATAIA;1
270375 JEQUIA DA PRAIA;1
270380 JOAQUIM GOMES;13
270390 JUNDIA;1
270400 JUNQUEIRO;9
270410 LAGOA DA CANOA;6
270420 LIMOEIRO DE ANADIA;9
270430 MACEIO;914
270440 MAJOR ISIDORO;6
270450 MARAGOGI;10
270460 MARAVILHA;4
270470 MARECHAL DEODORO;41
270480 MARIBONDO;3
270500 MATA GRANDE;9
270510 MATRIZ DE CAMARAGIBE;10
270520 MESSIAS;10
270530 MINADOR DO NEGRAO;1
270540 MONTEIROPOLIS;1
270550 MURICI;11
270560 NOVO LINO;2
270570 OLHO D'AGUA DAS FLORES;7
270580 OLHO D'AGUA DO CASADO;3
270600 OLIVENCA;4
270630 PALMEIRA DOS INDIOS;41
270640 PAO DE ACUCAR;6
270644 PARIPUEIRA;5
270650 PASSO DE CAMARAGIBE;7
270660 PAULO JACINTO;3
270670 PENEDO;40
270680 PIACABUCU;11
270690 PILAR;42
270710 PIRANHAS;20
270720 POCO DAS TRINCHEIRAS;5
270730 PORTO CALVO;5
270740 PORTO DE PEDRAS;1
270750 PORTO REAL DO COLEGIO;8
270760 QUEBRANGULO;6
270770 RIO LARGO;46
270780 ROTEIRO;4
270790 SANTA LUZIA DO NORTE;4
270800 SANTANA DO IPANEMA;21
270810 SANTANA DO MUNDAU;2
270820 SAO BRAS;2
270830 SAO JOSE DA LAJE;15
270840 SAO JOSE DA TAPERA;16
270850 SAO LUIS DO QUITUNDE;10
270860 SAO MIGUEL DOS CAMPOS;63
270880 SAO SEBASTIAO;23
270890 SATUBA;7
270895 SENADOR RUI PALMEIRA;3
270910 TAQUARANA;9
270915 TEOTONIO VILELA;40
270920 TRAIPU;9
270930 UNIAO DOS PALMARES;51
270940 VICOSA;10
280010 AMPARO DE SAO FRANCISCO;1
280020 AQUIDABA;4
280030 ARACAJU;149
280050 AREIA BRANCA;7
280060 BARRA DOS COQUEIROS;13
280067 BOQUIM;5
280070 BREJO GRANDE;2
280100 CAMPO DO BRITO;4
280120 CANINDE DE SAO FRANCISCO;4
280130 CAPELA;4
280140 CARIRA;4
280150 CARMOPOLIS;2
280160 CEDRO DE SAO JOAO;2
280170 CRISTINAPOLIS;1
280200 DIVINA PASTORA;1
280210 ESTANCIA;26
280220 FEIRA NOVA;3
280230 FREI PAULO;2
280240 GARARU;2
280250 GENERAL MAYNARD;1
280270 ILHA DAS FLORES;3
280280 INDIAROBA;2
280290 ITABAIANA;38
280300 ITABAIANINHA;13
280320 ITAPORANGA D'AJUDA;9
280330 JAPARATUBA;2
280340 JAPOATA;4
280350 LAGARTO;33
280360 LARANJEIRAS;10
280370 MACAMBIRA;1
280390 MALHADOR;3
280400 MARUIM;9
280410 MOITA BONITA;1
280420 MONTE ALEGRE DE SERGIPE;3
280430 MURIBECA;2
280440 NEOPOLIS;10
280445 NOSSA SENHORA APARECIDA;1
280450 NOSSA SENHORA DA GLORIA;4
280460 NOSSA SENHORA DAS DORES;7
280470 NOSSA SENHORA DE LOURDES;1
280480 NOSSA SENHORA DO SOCORRO;75
280490 PACATUBA;1
280510 PEDRINHAS;2
280530 PIRAMBU;1
280540 POCO REDONDO;4
280550 POCO VERDE;3
280560 PORTO DA FOLHA;8
280570 PROPRIA;22
280580 RIACHAO DO DANTAS;4
280590 RIACHUELO;5
280600 RIBEIROPOLIS;2
280610 ROSARIO DO CATETE;2
280620 SALGADO;4
280630 SANTA LUZIA DO ITANHY;2
280640 SANTANA DO SAO FRANCISCO;3
280650 SANTA ROSA DE LIMA;1
280660 SANTO AMARO DAS BROTAS;7
280670 SAO CRISTOVAO;32
280680 SAO DOMINGOS;1
280700 SAO MIGUEL DO ALEIXO;1
280710 SIMAO DIAS;13
280720 SIRIRI;4
280730 TELHA;1
280740 TOBIAS BARRETO;25
280750 TOMAR DO GERU;3
280760 UMBAUBA;12
290020 ABARE;5
290030 ACAJUTIBA;6
290035 ADUSTINA;4
290070 ALAGOINHAS;70
290080 ALCOBACA;6
290090 ALMADINA;2
290100 AMARGOSA;5
290110 AMELIA RODRIGUES;7
290115 AMERICA DOURADA;1
290120 ANAGE;2
290135 ANDORINHA;2
290160 ANTAS;1
290190 APORA;5
290205 ARACAS;3
290210 ARACI;9
290220 ARAMARI;3
290225 ARATACA;2
290230 ARATUIPE;2
290240 AURELINO LEAL;3
290260 BAIXA GRANDE;3
290270 BARRA;5
290280 BARRA DA ESTIVA;6
290290 BARRA DO CHOCA;5
290310 BARRA DO ROCHA;1
290323 BARRO ALTO;1
290330 BARRO PRETO;3
290340 BELMONTE;6
290350 BELO CAMPO;2
290360 BIRITINGA;3
290370 BOA NOVA;2
290380 BOA VISTA DO TUPIM;1
290390 BOM JESUS DA LAPA;9
290400 BONINAL;1
290405 BONITO;2
290430 BREJOES;1
290450 BROTAS DE MACAUBAS;3
290460 BRUMADO;6
290470 BUERAREMA;14
290475 BURITIRAMA;2
290485 CABACEIRAS DO PARAGUACU;3
290490 CACHOEIRA;8
290500 CACULE;2
290510 CAEM;3
290520 CAETITE;2
290530 CAFARNAUM;1
290540 CAIRU;3
290550 CALDEIRAO GRANDE;2
290560 CAMACAN;12
290570 CAMACARI;139
290580 CAMAMU;15
290600 CAMPO FORMOSO;19
290610 CANAPOLIS;2
290620 CANARANA;3
290630 CANAVIEIRAS;18
290640 CANDEAL;2
290650 CANDEIAS;44
290660 CANDIBA;2
290670 CANDIDO SALES;2
290680 CANSANCAO;4
290685 CAPELA DO ALTO ALEGRE;1
290687 CAPIM GROSSO;7
290689 CARAIBAS;1
290690 CARAVELAS;3
290700 CARDEAL DA SILVA;2
290720 CASA NOVA;26
290730 CASTRO ALVES;4
290750 CATU;28
290755 CATURAMA;1
290760 CENTRAL;3
290780 CICERO DANTAS;5
290790 CIPO;2
290800 COARACI;13
290810 COCOS;1
290820 CONCEICAO DA FEIRA;2
290840 CONCEICAO DO COITE;12
290850 CONCEICAO DO JACUIPE;16
290860 CONDE;8
290890 CORACAO DE MARIA;2
290900 CORDEIROS;1
290910 CORIBE;1
290920 CORONEL JOAO SA;4
290960 CRISOPOLIS;16
290980 CRUZ DAS ALMAS;10
290990 CURACA;9
291000 DARIO MEIRA;2
291005 DIAS D'AVILA;56
291040 ENCRUZILHADA;3
291050 ENTRE RIOS;10
291060 ESPLANADA;14
291070 EUCLIDES DA CUNHA;5
291072 EUNAPOLIS;89
291075 FATIMA;1
291077 FEIRA DA MATA;3
291080 FEIRA DE SANTANA;273
291085 FILADELFIA;1
291100 FLORESTA AZUL;1
291110 FORMOSA DO RIO PRETO;1
291120 GANDU;12
291140 GLORIA;4
291150 GONGOGI;1
291160 GOVERNADOR MANGABEIRA;4
291170 GUANAMBI;12
291180 GUARATINGA;6
291190 IACU;6
291200 IBIASSUCE;1
291210 IBICARAI;13
291230 IBICUI;1
291240 IBIPEBA;3
291270 IBIRAPITANGA;8
291280 IBIRAPUA;2
291290 IBIRATAIA;6
291310 IBITITA;3
291320 IBOTIRAMA;2
291345 IGRAPIUNA;2
291350 IGUAI;10
291360 ILHEUS;110
291370 INHAMBUPE;11
291390 IPIAU;13
291400 IPIRA;9
291410 IPUPIARA;1
291420 IRAJUBA;1
291440 IRAQUARA;2
291450 IRARA;9
291460 IRECE;23
291465 ITABELA;16
291470 ITABERABA;13
291480 ITABUNA;181
291490 ITACARE;8
291500 ITAETE;1
291510 ITAGI;4
291520 ITAGIBA;6
291530 ITAGIMIRIM;3
291535 ITAGUACU DA BAHIA;4
291540 ITAJU DO COLONIA;4
291550 ITAJUIPE;16
291560 ITAMARAJU;34
291570 ITAMARI;3
291580 ITAMBE;4
291590 ITANAGRA;3
291600 ITANHEM;7
291610 ITAPARICA;17
291620 ITAPE;3
291630 ITAPEBI;5
291640 ITAPETINGA;26
291650 ITAPICURU;13
291660 ITAPITANGA;4
291670 ITAQUARA;3
291685 ITATIM;8
291700 ITIUBA;3
291710 ITORORO;16
291730 ITUBERA;9
291733 IUIU;1
291735 JABORANDI;2
291750 JACOBINA;21
291760 JAGUAQUARA;10
291770 JAGUARARI;1
291780 JAGUARIPE;3
291790 JANDAIRA;4
291800 JEQUIE;55
291810 JEREMOABO;7
291830 JITAUNA;3
291835 JOAO DOURADO;5
291840 JUAZEIRO;73
291845 JUCURUCU;2
291850 JUSSARA;2
291855 JUSSARI;2
291880 LAJE;6
291905 LAJEDO DO TABOCAL;2
291915 LAPAO;1
291920 LAURO DE FREITAS;148
291940 LICINIO DE ALMEIDA;1
291950 LIVRAMENTO DE NOSSA SENHORA;1
291955 LUIS EDUARDO MAGALHAES;1
291960 MACAJUBA;1
291970 MACARANI;5
291980 MACAUBAS;1
291992 MADRE DE DEUS;7
292000 MAIQUINIQUE;2
292010 MAIRI;5
292040 MANOEL VITORINO;1
292050 MARACAS;1
292060 MARAGOGIPE;5
292070 MARAU;5
292080 MARCIONILIO SOUZA;2
292090 MASCOTE;2
292100 MATA DE SAO JOAO;22
292110 MEDEIROS NETO;11
292120 MIGUEL CALMON;4
292130 MILAGRES;2
292140 MIRANGABA;2
292150 MONTE SANTO;2
292170 MORRO DO CHAPEU;4
292190 MUCUGE;1
292200 MUCURI;16
292205 MULUNGU DO MORRO;1
292210 MUNDO NOVO;1
292220 MUNIZ FERREIRA;1
292230 MURITIBA;4
292240 MUTUIPE;4
292250 NAZARE;12
292265 NORDESTINA;1
292270 NOVA CANAA;2
292273 NOVA FATIMA;1
292275 NOVA IBIA;1
292280 NOVA ITARANA;3
292285 NOVA REDENCAO;1
292290 NOVA SOURE;5
292300 NOVA VICOSA;21
292305 NOVO TRIUNFO;3
292310 OLINDINA;8
292320 OLIVEIRA DOS BREJINHOS;1
292335 OUROLANDIA;3
292340 PALMAS DE MONTE ALTO;3
292360 PARAMIRIM;1
292370 PARATINGA;2
292380 PARIPIRANGA;8
292390 PAU BRASIL;11
292400 PAULO AFONSO;64
292420 PEDRO ALEXANDRE;3
292440 PILAO ARCADO;2
292460 PINDOBACU;6
292465 PINTADAS;2
292467 PIRAI DO NORTE;2
292480 PIRITIBA;1
292490 PLANALTINO;1
292500 PLANALTO;1
292510 POCOES;7
292520 POJUCA;11
292525 PONTO NOVO;1
292530 PORTO SEGURO;129
292540 POTIRAGUA;2
292550 PRADO;9
292560 PRESIDENTE DUTRA;5
292570 PRESIDENTE JANIO QUADROS;1
292575 PRESIDENTE TANCREDO NEVES;7
292580 QUEIMADAS;4
292593 QUIXABEIRA;2
292595 RAFAEL JAMBEIRO;2
292600 REMANSO;6
292630 RIACHAO DO JACUIPE;5
292640 RIACHO DE SANTANA;3
292660 RIBEIRA DO POMBAL;6
292665 RIBEIRAO DO LARGO;1
292670 RIO DE CONTAS;1
292700 RIO REAL;17
292710 RODELAS;1
292720 RUY BARBOSA;3
292730 SALINAS DA MARGARIDA;3
292740 SALVADOR;1811
292750 SANTA BARBARA;2
292760 SANTA BRIGIDA;4
292770 SANTA CRUZ CABRALIA;8
292790 SANTA INES;1
292800 SANTALUZ;3
292805 SANTA LUZIA;11
292810 SANTA MARIA DA VITORIA;9
292820 SANTANA;2
292830 SANTANOPOLIS;1
292850 SANTA TERESINHA;1
292860 SANTO AMARO;16
292870 SANTO ANTONIO DE JESUS;43
292880 SANTO ESTEVAO;9
292900 SAO FELIX;2
292905 SAO FELIX DO CORIBE;4
292910 SAO FELIPE;3
292920 SAO FRANCISCO DO CONDE;8
292925 SAO GABRIEL;3
292930 SAO GONCALO DOS CAMPOS;7
292935 SAO JOSE DA VITORIA;5
292940 SAO MIGUEL DAS MATAS;2
292950 SAO SEBASTIAO DO PASSE;15
292960 SAPEACU;4
292970 SATIRO DIAS;5
292975 SAUBARA;1
292980 SAUDE;1
292990 SEABRA;1
293010 SENHOR DO BONFIM;11
293015 SERRA DO RAMALHO;2
293020 SENTO SE;3
293030 SERRA DOURADA;3
293040 SERRA PRETA;1
293050 SERRINHA;10
293060 SERROLANDIA;3
293070 SIMOES FILHO;114
293075 SITIO DO MATO;1
293076 SITIO DO QUINTO;2
293077 SOBRADINHO;8
293080 SOUTO SOARES;1
293100 TANHACU;2
293110 TANQUINHO;1
293120 TAPEROA;2
293130 TAPIRAMUTA;4
293135 TEIXEIRA DE FREITAS;103
293140 TEODORO SAMPAIO;2
293150 TEOFILANDIA;1
293160 TEOLANDIA;3
293170 TERRA NOVA;4
293180 TREMEDAL;2
293190 TUCANO;2
293200 UAUA;4
293220 UBAITABA;11
293230 UBATA;9
293240 UIBAI;4
293250 UNA;8
293260 URANDI;1
293270 URUCUCA;11
293280 UTINGA;2
293290 VALENCA;77
293300 VALENTE;2
293305 VARZEA DA ROCA;2
293310 VARZEA DO POCO;2
293315 VARZEA NOVA;2
293317 VARZEDO;1
293320 VERA CRUZ;24
293325 VEREDA;1
293330 VITORIA DA CONQUISTA;231
293350 WENCESLAU GUIMARAES;5
293360 XIQUE-XIQUE;5
310010 ABADIA DOS DOURADOS;1
310020 ABAETE;1
310050 ACUCENA;4
310080 AGUANIL;1
310090 AGUAS FORMOSAS;4
310110 AIMORES;5
310160 ALFENAS;8
310170 ALMENARA;3
310180 ALPERCATA;1
310190 ALPINOPOLIS;2
310230 ALVINOPOLIS;1
310240 ALVORADA DE MINAS;2
310250 AMPARO DO SERRA;1
310260 ANDRADAS;2
310270 CACHOEIRA DE PAJEU;1
310285 ANGELANDIA;3
310340 ARACUAI;1
310350 ARAGUARI;22
310390 ARAUJOS;1
310400 ARAXA;6
310410 ARCEBURGO;1
310420 ARCOS;4
310430 AREADO;1
310450 ARINOS;4
310460 ASTOLFO DUTRA;1
310470 ATALEIA;2
310500 BALDIM;2
310510 BAMBUI;2
310520 BANDEIRA;1
310540 BARAO DE COCAIS;3
310560 BARBACENA;5
310590 BARROSO;2
310620 BELO HORIZONTE;715
310630 BELO ORIENTE;2
310660 BERTOPOLIS;1
310670 BETIM;222
310690 BICAS;1
310710 BOA ESPERANCA;3
310730 BOCAIUVA;6
310740 BOM DESPACHO;3
310760 BOM JESUS DA PENHA;1
310780 BOM JESUS DO GALHO;2
310790 BOM REPOUSO;1
310800 BOM SUCESSO;1
310855 BRASILANDIA DE MINAS;2
310860 BRASILIA DE MINAS;2
310900 BRUMADINHO;2
310920 BUENOPOLIS;2
310925 BUGRE;1
310930 BURITIS;5
310940 BURITIZEIRO;5
310980 CACHOEIRA DOURADA;1
311000 CAETE;1
311030 CALDAS;1
311050 CAMANDUCAIA;2
311060 CAMBUI;1
311110 CAMPINA VERDE;1
311120 CAMPO BELO;6
311130 CAMPO DO MEIO;1
311150 CAMPOS ALTOS;3
311160 CAMPOS GERAIS;4
311210 CAPARAO;1
311230 CAPELINHA;10
311260 CAPINOPOLIS;3
311265 CAPITAO ANDRADE;1
311290 CAPUTIRA;1
311300 CARAI;8
311330 CARANGOLA;6
311340 CARATINGA;14
311370 CARLOS CHAGAS;3
311390 CARMO DA CACHOEIRA;1
311420 CARMO DO CAJURU;1
311430 CARMO DO PARANAIBA;3
311450 CARMOPOLIS DE MINAS;2
311455 CARNEIRINHO;1
311530 CATAGUASES;2
311545 CATUJI;3
311550 CAXAMBU;1
311570 CENTRAL DE MINAS;2
311630 CIPOTANEA;1
311660 CLAUDIO;3
311680 COLUNA;2
311690 COMENDADOR GOMES;1
311730 CONCEICAO DAS ALAGOAS;3
311760 CONCEICAO DO PARA;1
311800 CONGONHAS;4
311810 CONGONHAS DO NORTE;2
311830 CONSELHEIRO LAFAIETE;8
311840 CONSELHEIRO PENA;3
311860 CONTAGEM;241
311880 CORACAO DE JESUS;1
311910 CORINTO;4
311930 COROMANDEL;3
311940 CORONEL FABRICIANO;25
312000 CORREGO NOVO;2
312010 COUTO DE MAGALHAES DE MINAS;1
312040 CRISTIANO OTONI;2
312087 CURRAL DE DENTRO;2
312090 CURVELO;11
312100 DATAS;1
312125 DELTA;1
312160 DIAMANTINA;5
312170 DIOGO DE VASCONCELOS;1
312190 DIVINESIA;1
312200 DIVINO;2
312210 DIVINO DAS LARANJEIRAS;3
312220 DIVINOLANDIA DE MINAS;1
312230 DIVINOPOLIS;17
312235 DIVISA ALEGRE;1
312320 DORES DO INDAIA;2
312352 DURANDE;2
312360 ELOI MENDES;2
312370 ENGENHEIRO CALDAS;2
312400 ERVALIA;6
312410 ESMERALDAS;25
312420 ESPERA FELIZ;2
312430 ESPINOSA;5
312480 ESTRELA DO SUL;1
312500 EWBANK DA CAMARA;1
312510 EXTREMA;1
312540 FELICIO DOS SANTOS;1
312560 FELISBURGO;2
312590 FERROS;2
312595 FERVEDOURO;1
312610 FORMIGA;3
312620 FORMOSO;1
312660 FRANCISCO DUMONT;1
312670 FRANCISCO SA;1
312675 FRANCISCOPOLIS;1
312690 FREI INOCENCIO;3
312695 FREI LAGONEGRO;1
312700 FRONTEIRA;2
312710 FRUTAL;10
312733 GAMELEIRAS;1
312737 GOIABEIRA;1
312750 GONZAGA;1
312760 GOUVEIA;2
312770 GOVERNADOR VALADARES;99
312800 GUANHAES;1
312870 GUAXUPE;2
312890 GUIMARANIA;1
312900 GUIRICEMA;1
312930 IAPU;3
312960 IBIAI;2
312965 IBIRACATU;1
312970 IBIRACI;2
312980 IBIRITE;68
312990 IBITIURA DE MINAS;1
313010 IGARAPE;17
313020 IGARATINGA;2
313040 IJACI;2
313050 ILICINEA;2
313055 IMBE DE MINAS;2
313065 INDAIABIRA;1
313090 INHAPIM;1
313100 INHAUMA;4
313115 IPABA;3
313120 IPANEMA;2
313130 IPATINGA;57
313140 IPIACU;1
313170 ITABIRA;11
313180 ITABIRINHA;3
313190 ITABIRITO;5
313200 ITACAMBIRA;1
313210 ITACARAMBI;5
313230 ITAIPE;3
313240 ITAJUBA;6
313250 ITAMARANDIBA;3
313270 ITAMBACURI;4
313300 ITAMONTE;1
313320 ITANHOMI;1
313330 ITAOBIM;9
313350 ITAPECERICA;1
313370 ITATIAIUCU;1
313375 ITAU DE MINAS;2
313380 ITAUNA;13
313400 ITINGA;1
313410 ITUETA;1
313420 ITUIUTABA;16
313430 ITUMIRIM;3
313440 ITURAMA;3
313460 JABOTICATUBAS;1
313505 JAIBA;2
313510 JANAUBA;9
313520 JANUARIA;8
313535 JAPONVAR;4
313540 JECEABA;1
313550 JEQUERI;3
313560 JEQUITAI;3
313580 JEQUITINHONHA;2
313600 JOAIMA;5
313620 JOAO MONLEVADE;9
313630 JOAO PINHEIRO;17
313657 JOSENOPOLIS;2
313660 NOVA UNIAO;1
313665 JUATUBA;3
313670 JUIZ DE FORA;55
313680 JURAMENTO;1
313700 LADAINHA;3
313710 LAGAMAR;2
313720 LAGOA DA PRATA;1
313730 LAGOA DOS PATOS;1
313750 LAGOA FORMOSA;2
313760 LAGOA SANTA;3
313770 LAJINHA;2
313780 LAMBARI;1
313810 LASSANCE;2
313820 LAVRAS;6
313830 LEANDRO FERREIRA;1
313840 LEOPOLDINA;3
313862 LIMEIRA DO OESTE;1
313868 LUISLANDIA;1
313890 MACHACALIS;1
313900 MACHADO;5
313920 MALACACHETA;4
313925 MAMONAS;1
313930 MANGA;6
313940 MANHUACU;12
313950 MANHUMIRIM;5
313960 MANTENA;14
313970 MARAVILHAS;2
313990 MARIA DA FE;1
314000 MARIANA;8
314010 MARILAC;1
314015 MARIO CAMPOS;3
314053 MARTINS SOARES;2
314060 MATERLANDIA;1
314070 MATEUS LEME;7
314090 MATIPO;3
314110 MATOZINHOS;9
314140 MEDINA;4
314150 MENDES PIMENTEL;1
314170 MESQUITA;2
314180 MINAS NOVAS;1
314200 MIRABELA;2
314210 MIRADOURO;1
314225 MIRAVANIA;2
314270 MONTALVANIA;1
314280 MONTE ALEGRE DE MINAS;4
314290 MONTE AZUL;1
314310 MONTE CARMELO;5
314320 MONTE SANTO DE MINAS;1
314330 MONTES CLAROS;78
314345 MONTEZUMA;1
314350 MORADA NOVA DE MINAS;1
314390 MURIAE;12
314400 MUTUM;7
314430 NANUQUE;12
314435 NAQUE;2
314450 NAZARENO;1
314460 NEPOMUCENO;1
314467 NOVA BELEM;1
314470 NOVA ERA;2
314480 NOVA LIMA;8
314500 NOVA PONTE;3
314520 NOVA SERRANA;15
314530 NOVO CRUZEIRO;4
314535 NOVO ORIENTE DE MINAS;6
314560 OLIVEIRA;1
314587 ORIZANIA;1
314590 OURO BRANCO;3
314600 OURO FINO;1
314610 OURO PRETO;4
314620 OURO VERDE DE MINAS;2
314625 PADRE CARVALHO;1
314630 PADRE PARAISO;3
314640 PAINEIRAS;1
314650 PAINS;1
314690 PAPAGAIOS;4
314700 PARACATU;25
314710 PARA DE MINAS;7
314740 PARAOPEBA;5
314770 PASSA TEMPO;1
314790 PASSOS;3
314800 PATOS DE MINAS;24
314810 PATROCINIO;28
314830 PAULA CANDIDO;3
314850 PAVAO;3
314860 PECANHA;3
314870 PEDRA AZUL;6
314875 PEDRA BONITA;2
314880 PEDRA DO ANTA;1
314900 PEDRA DOURADA;1
314915 PEDRAS DE MARIA DA CRUZ;1
314930 PEDRO LEOPOLDO;10
314970 PERDIGAO;1
314980 PERDIZES;1
314990 PERDOES;1
314995 PERIQUITO;1
315000 PESCADOR;1
315015 PIEDADE DE CARATINGA;1
315020 PIEDADE DE PONTE NOVA;1
315030 PIEDADE DO RIO GRANDE;1
315070 PIRAJUBA;2
315080 PIRANGA;1
315120 PIRAPORA;2
315150 PIUMHI;4
315160 PLANURA;1
315170 POCO FUNDO;1
315180 POCOS DE CALDAS;7
315190 POCRANE;3
315200 POMPEU;8
315210 PONTE NOVA;8
315217 PONTO DOS VOLANTES;2
315220 PORTEIRINHA;1
315230 PORTO FIRME;1
315240 POTE;6
315250 POUSO ALEGRE;4
315280 PRATA;3
315290 PRATAPOLIS;1
315350 ALTO JEQUITIBA;1
315390 RAPOSOS;2
315400 RAUL SOARES;4
315430 RESPLENDOR;3
315445 RIACHINHO;1
315460 RIBEIRAO DAS NEVES;118
315470 RIBEIRAO VERMELHO;1
315480 RIO ACIMA;1
315490 RIO CASCA;2
315540 RIO NOVO;3
315550 RIO PARANAIBA;2
315560 RIO PARDO DE MINAS;1
315570 RIO PIRACICABA;2
315580 RIO POMBA;4
315590 RIO PRETO;1
315600 RIO VERMELHO;2
315630 RODEIRO;1
315650 RUBELITA;1
315660 RUBIM;2
315670 SABARA;31
315680 SABINOPOLIS;2
315690 SACRAMENTO;4
315700 SALINAS;5
315720 SANTA BARBARA;4
315725 SANTA BARBARA DO LESTE;3
315727 SANTA BARBARA DO MONTE VERDE;1
315733 SANTA CRUZ DE MINAS;2
315737 SANTA CRUZ DE SALINAS;1
315750 SANTA EFIGENIA DE MINAS;1
315765 SANTA HELENA DE MINAS;1
315770 SANTA JULIANA;2
315780 SANTA LUZIA;81
315790 SANTA MARGARIDA;3
315810 SANTA MARIA DO SALTO;2
315890 SANTANA DO MANHUACU;1
315895 SANTANA DO PARAISO;5
315935 SANTA RITA DE MINAS;1
315950 SANTA RITA DO ITUETO;1
315980 SANTA VITORIA;1
315990 SANTO ANTONIO DO AMPARO;1
316020 SANTO ANTONIO DO ITAMBE;1
316040 SANTO ANTONIO DO MONTE;1
316045 SANTO ANTONIO DO RETIRO;1
316070 SANTOS DUMONT;1
316100 SAO DOMINGOS DO PRATA;2
316105 SAO FELIX DE MINAS;1
316110 SAO FRANCISCO;3
316120 SAO FRANCISCO DE PAULA;1
316150 SAO GERALDO;1
316160 SAO GERALDO DA PIEDADE;2
316165 SAO GERALDO DO BAIXIO;3
316170 SAO GONCALO DO ABAETE;2
316180 SAO GONCALO DO PARA;2
316190 SAO GONCALO DO RIO ABAIXO;2
316200 SAO GONCALO DO SAPUCAI;1
316210 SAO GOTARDO;1
316240 SAO JOAO DA PONTE;1
316245 SAO JOAO DAS MISSOES;4
316250 SAO JOAO DEL REI;11
316255 SAO JOAO DO MANHUACU;2
316257 SAO JOAO DO MANTENINHA;2
316280 SAO JOAO EVANGELISTA;1
316292 SAO JOAQUIM DE BICAS;4
316295 SAO JOSE DA LAPA;5
316370 SAO LOURENCO;1
316380 SAO MIGUEL DO ANTA;1
316400 SAO PEDRO DOS FERROS;1
316450 SAO SEBASTIAO DO MARANHAO;1
316470 SAO SEBASTIAO DO PARAISO;6
316480 SAO SEBASTIAO DO RIO PRETO;1
316500 SAO TIAGO;1
316520 SAO THOME DAS LETRAS;1
316530 SAO VICENTE DE MINAS;1
316553 SARZEDO;7
316555 SETUBINHA;3
316560 SENADOR CORTES;1
316630 SERICITA;2
316650 SERRA AZUL DE MINAS;3
316670 SERRA DOS AIMORES;2
316680 SERRA DO SALITRE;2
316720 SETE LAGOAS;43
316740 SILVIANOPOLIS;1
316770 SOBRALIA;1
316800 TAIOBEIRAS;6
316840 TARUMIRIM;2
316860 TEOFILO OTONI;22
316870 TIMOTEO;16
316880 TIRADENTES;1
316900 TOCANTINS;4
316920 TOMBOS;1
316930 TRES CORACOES;9
316935 TRES MARIAS;4
316940 TRES PONTAS;1
316950 TUMIRITINGA;5
316960 TUPACIGUARA;6
316990 UBA;15
317005 UBAPORANGA;2
317010 UBERABA;40
317020 UBERLANDIA;127
317040 UNAI;21
317050 URUCANIA;3
317052 URUCUIA;2
317057 VARGEM ALEGRE;1
317065 VARGEM GRANDE DO RIO PARDO;1
317070 VARGINHA;7
317075 VARJAO DE MINAS;1
317080 VARZEA DA PALMA;10
317100 VAZANTE;1
317120 VESPASIANO;48
317130 VICOSA;13
317150 MATHIAS LOBATO;1
317170 VIRGINIA;1
317180 VIRGINOPOLIS;1
317190 VIRGOLANDIA;1
317200 VISCONDE DO RIO BRANCO;5
317220 WENCESLAU BRAZ;1
320010 AFONSO CLAUDIO;13
320013 AGUIA BRANCA;1
320016 AGUA DOCE DO NORTE;3
320020 ALEGRE;2
320030 ALFREDO CHAVES;1
320035 ALTO RIO NOVO;2
320040 ANCHIETA;6
320060 ARACRUZ;37
320070 ATILIO VIVACQUA;3
320080 BAIXO GUANDU;13
320090 BARRA DE SAO FRANCISCO;10
320100 BOA ESPERANCA;6
320110 BOM JESUS DO NORTE;1
320115 BREJETUBA;3
320120 CACHOEIRO DE ITAPEMIRIM;43
320130 CARIACICA;293
320140 CASTELO;7
320150 COLATINA;38
320160 CONCEICAO DA BARRA;21
320180 DIVINO DE SAO LOURENCO;1
320190 DOMINGOS MARTINS;5
320210 ECOPORANGA;13
320220 FUNDAO;12
320225 GOVERNADOR LINDENBERG;2
320230 GUACUI;5
320240 GUARAPARI;61
320245 IBATIBA;7
320255 IBITIRAMA;1
320260 ICONHA;1
320265 IRUPI;4
320270 ITAGUACU;3
320280 ITAPEMIRIM;10
320290 ITARANA;3
320300 IUNA;8
320305 JAGUARE;19
320313 JOAO NEIVA;5
320320 LINHARES;78
320330 MANTENOPOLIS;6
320332 MARATAIZES;13
320334 MARECHAL FLORIANO;5
320335 MARILANDIA;1
320340 MIMOSO DO SUL;5
320350 MONTANHA;3
320360 MUCURICI;1
320370 MUNIZ FREIRE;5
320380 MUQUI;2
320390 NOVA VENECIA;10
320400 PANCAS;5
320405 PEDRO CANARIO;23
320410 PINHEIROS;7
320420 PIUMA;4
320425 PONTO BELO;1
320430 PRESIDENTE KENNEDY;3
320435 RIO BANANAL;1
320440 RIO NOVO DO SUL;2
320450 SANTA LEOPOLDINA;1
320455 SANTA MARIA DE JETIBA;4
320460 SANTA TERESA;3
320465 SAO DOMINGOS DO NORTE;1
320470 SAO GABRIEL DA PALHA;8
320480 SAO JOSE DO CALCADO;1
320490 SAO MATEUS;65
320495 SAO ROQUE DO CANAA;2
320500 SERRA;347
320501 SOORETAMA;14
320503 VARGEM ALTA;6
320506 VENDA NOVA DO IMIGRANTE;1
320510 VIANA;35
320515 VILA PAVAO;2
320517 VILA VALERIO;6
320520 VILA VELHA;225
320530 VITORIA;160
330010 ANGRA DOS REIS;64
330020 ARARUAMA;32
330023 ARMACAO DOS BUZIOS;13
330025 ARRAIAL DO CABO;1
330030 BARRA DO PIRAI;8
330040 BARRA MANSA;34
330045 BELFORD ROXO;168
330050 BOM JARDIM;4
330060 BOM JESUS DO ITABAPOANA;1
330070 CABO FRIO;88
330080 CACHOEIRAS DE MACACU;4
330093 CARAPEBUS;1
330100 CAMPOS DOS GOYTACAZES;191
330110 CANTAGALO;7
330115 CARDOSO MOREIRA;5
330130 CASIMIRO DE ABREU;5
330140 CONCEICAO DE MACABU;5
330150 CORDEIRO;2
330160 DUAS BARRAS;2
330170 DUQUE DE CAXIAS;282
330185 GUAPIMIRIM;7
330187 IGUABA GRANDE;8
330190 ITABORAI;110
330200 ITAGUAI;47
330210 ITAOCARA;3
330220 ITAPERUNA;23
330225 ITATIAIA;4
330227 JAPERI;45
330240 MACAE;72
330250 MAGE;55
330260 MANGARATIBA;10
330270 MARICA;24
330280 MENDES;2
330285 MESQUITA;77
330290 MIGUEL PEREIRA;1
330300 MIRACEMA;4
330320 NILOPOLIS;54
330330 NITEROI;130
330340 NOVA FRIBURGO;28
330350 NOVA IGUACU;300
330360 PARACAMBI;3
330370 PARAIBA DO SUL;10
330380 PARATY;11
330385 PATY DO ALFERES;4
330390 PETROPOLIS;21
330395 PINHEIRAL;5
330400 PIRAI;2
330410 PORCIUNCULA;2
330411 PORTO REAL;8
330414 QUEIMADOS;42
330415 QUISSAMA;1
330420 RESENDE;40
330430 RIO BONITO;4
330440 RIO CLARO;4
330452 RIO DAS OSTRAS;30
330455 RIO DE JANEIRO;1438
330460 SANTA MARIA MADALENA;4
330470 SANTO ANTONIO DE PADUA;2
330475 SAO FRANCISCO DE ITABAPOANA;15
330480 SAO FIDELIS;2
330490 SAO GONCALO;345
330500 SAO JOAO DA BARRA;14
330510 SAO JOAO DE MERITI;129
330520 SAO PEDRO DA ALDEIA;21
330530 SAO SEBASTIAO DO ALTO;1
330540 SAPUCAIA;1
330550 SAQUAREMA;11
330555 SEROPEDICA;17
330560 SILVA JARDIM;4
330570 SUMIDOURO;1
330575 TANGUA;9
330580 TERESOPOLIS;17
330590 TRAJANO DE MORAES;1
330600 TRES RIOS;5
330610 VALENCA;7
330620 VASSOURAS;2
330630 VOLTA REDONDA;78
350010 ADAMANTINA;1
350030 AGUAI;3
350040 AGUAS DA PRATA;1
350055 AGUAS DE SANTA BARBARA;1
350070 AGUDOS;3
350090 ALTAIR;1
350100 ALTINOPOLIS;1
350130 ALVARES MACHADO;4
350140 ALVARO DE CARVALHO;3
350160 AMERICANA;23
350170 AMERICO BRASILIENSE;3
350190 AMPARO;4
350210 ANDRADINA;14
350220 ANGATUBA;1
350240 ANHUMAS;1
350250 APARECIDA;2
350270 APIAI;1
350275 ARACARIGUAMA;3
350280 ARACATUBA;34
350290 ARACOIABA DA SERRA;4
350300 ARAMINA;1
350310 ARANDU;1
350320 ARARAQUARA;17
350330 ARARAS;2
350340 AREALVA;2
350360 AREIOPOLIS;1
350370 ARIRANHA;2
350380 ARTUR NOGUEIRA;6
350390 ARUJA;14
350400 ASSIS;6
350410 ATIBAIA;21
350420 AURIFLAMA;1
350440 AVANHANDAVA;1
350450 AVARE;4
350460 BADY BASSITT;1
350490 BANANAL;1
350520 BARIRI;1
350530 BARRA BONITA;1
350540 BARRA DO TURVO;5
350550 BARRETOS;11
350560 BARRINHA;2
350570 BARUERI;41
350580 BASTOS;1
350590 BATATAIS;4
350600 BAURU;53
350610 BEBEDOURO;5
350635 BERTIOGA;3
350650 BIRIGUI;9
350660 BIRITIBA-MIRIM;1
350670 BOA ESPERANCA DO SUL;1
350680 BOCAINA;3
350690 BOFETE;2
350700 BOITUVA;4
350710 BOM JESUS DOS PERDOES;1
350740 BORBOREMA;2
350750 BOTUCATU;6
350760 BRAGANCA PAULISTA;11
350780 BRODOWSKI;3
350800 BURI;1
350810 BURITAMA;2
350830 CABRALIA PAULISTA;1
350840 CABREUVA;6
350850 CACAPAVA;5
350860 CACHOEIRA PAULISTA;2
350870 CACONDE;1
350880 CAFELANDIA;1
350900 CAIEIRAS;8
350910 CAIUA;1
350920 CAJAMAR;7
350925 CAJATI;4
350940 CAJURU;2
350950 CAMPINAS;162
350960 CAMPO LIMPO PAULISTA;20
350970 CAMPOS DO JORDAO;10
350990 CANANEIA;2
351000 CANDIDO MOTA;3
351010 CANDIDO RODRIGUES;1
351020 CAPAO BONITO;5
351030 CAPELA DO ALTO;2
351040 CAPIVARI;7
351050 CARAGUATATUBA;37
351060 CARAPICUIBA;29
351080 CASA BRANCA;2
351100 CASTILHO;4
351110 CATANDUVA;8
351120 CATIGUA;1
351150 CERQUILHO;5
351210 COLOMBIA;2
351220 CONCHAL;2
351240 CORDEIROPOLIS;1
351250 COROADOS;1
351280 COSMOPOLIS;10
351300 COTIA;41
351310 CRAVINHOS;1
351320 CRISTAIS PAULISTA;1
351340 CRUZEIRO;7
351350 CUBATAO;24
351360 CUNHA;2
351370 DESCALVADO;3
351380 DIADEMA;131
351400 DOBRADA;3
351410 DOIS CORREGOS;4
351440 DRACENA;4
351470 ECHAPORA;1
351480 ELDORADO;2
351500 EMBU DAS ARTES;64
351510 EMBU-GUACU;15
351515 ENGENHEIRO COELHO;2
351518 ESPIRITO SANTO DO PINHAL;2
351530 ESTRELA DO NORTE;1
351535 EUCLIDES DA CUNHA PAULISTA;2
351540 FARTURA;1
351550 FERNANDOPOLIS;10
351570 FERRAZ DE VASCONCELOS;32
351580 FLORA RICA;1
351620 FRANCA;16
351630 FRANCISCO MORATO;28
351640 FRANCO DA ROCHA;32
351660 GALIA;3
351670 GARCA;5
351690 GENERAL SALGADO;2
351700 GETULINA;1
351720 GUAICARA;3
351730 GUAIMBE;1
351740 GUAIRA;8
351760 GUAPIARA;6
351770 GUARA;1
351780 GUARACAI;3
351820 GUARARAPES;5
351830 GUARAREMA;4
351840 GUARATINGUETA;23
351860 GUARIBA;13
351870 GUARUJA;47
351880 GUARULHOS;254
351890 GUZOLANDIA;2
351905 HOLAMBRA;1
351907 HORTOLANDIA;32
351910 IACANGA;1
351930 IBATE;5
351950 IBIRAREMA;1
351960 IBITINGA;8
351970 IBIUNA;14
352000 IGARACU DO TIETE;6
352010 IGARAPAVA;2
352030 IGUAPE;3
352040 ILHABELA;1
352042 ILHA COMPRIDA;5
352044 ILHA SOLTEIRA;3
352050 INDAIATUBA;26
352060 INDIANA;1
352090 IPAUSSU;2
352100 IPERO;5
352110 IPEUNA;3
352115 IPIGUA;1
352130 IPUA;3
352150 IRAPUA;1
352170 ITABERA;3
352180 ITAI;3
352190 ITAJOBI;1
352210 ITANHAEM;19
352220 ITAPECERICA DA SERRA;50
352230 ITAPETININGA;15
352240 ITAPEVA;9
352250 ITAPEVI;44
352260 ITAPIRA;5
352265 ITAPIRAPUA PAULISTA;1
352270 ITAPOLIS;3
352310 ITAQUAQUECETUBA;82
352320 ITARARE;2
352330 ITARIRI;2
352340 ITATIBA;12
352390 ITU;16
352400 ITUPEVA;6
352410 ITUVERAVA;4
352430 JABOTICABAL;8
352440 JACAREI;34
352460 JACUPIRANGA;1
352470 JAGUARIUNA;5
352480 JALES;3
352500 JANDIRA;13
352510 JARDINOPOLIS;2
352520 JARINU;3
352530 JAU;13
352560 JOAO RAMALHO;1
352570 JOSE BONIFACIO;2
352580 JULIO MESQUITA;1
352590 JUNDIAI;18
352600 JUNQUEIROPOLIS;3
352610 JUQUIA;2
352620 JUQUITIBA;22
352630 LAGOINHA;5
352640 LARANJAL PAULISTA;5
352650 LAVINIA;2
352670 LEME;8
352680 LENCOIS PAULISTA;2
352690 LIMEIRA;19
352710 LINS;10
352720 LORENA;13
352770 LUIZIANIA;1
352800 MACATUBA;2
352840 MAIRINQUE;10
352850 MAIRIPORA;9
352860 MANDURI;1
352880 MARACAI;2
352900 MARILIA;14
352920 MARTINOPOLIS;4
352930 MATAO;8
352940 MAUA;64
352970 MIGUELOPOLIS;2
352980 MINEIROS DO TIETE;1
352990 MIRACATU;1
353010 MIRANDOPOLIS;2
353020 MIRANTE DO PARANAPANEMA;3
353030 MIRASSOL;6
353050 MOCOCA;2
353060 MOGI DAS CRUZES;29
353070 MOGI GUACU;10
353080 MOGI MIRIM;5
353110 MONGAGUA;6
353130 MONTE ALTO;1
353140 MONTE APRAZIVEL;2
353150 MONTE AZUL PAULISTA;4
353160 MONTE CASTELO;1
353180 MONTE MOR;15
353200 MORUNGABA;3
353210 MURUTINGA DO SUL;1
353215 NANTES;2
353240 NAZARE PAULISTA;2
353300 NOVA GRANADA;2
353340 NOVA ODESSA;3
353350 NOVO HORIZONTE;4
353390 OLIMPIA;4
353410 ORIENTE;1
353430 ORLANDIA;4
353440 OSASCO;127
353460 OSVALDO CRUZ;1
353470 OURINHOS;9
353480 OURO VERDE;1
353490 PACAEMBU;1
353510 PALMARES PAULISTA;1
353520 PALMEIRA D'OESTE;1
353530 PALMITAL;3
353540 PANORAMA;3
353550 PARAGUACU PAULISTA;8
353560 PARAIBUNA;1
353580 PARANAPANEMA;1
353610 PARDINHO;1
353620 PARIQUERA-ACU;2
353640 PAULICEIA;1
353650 PAULINIA;7
353710 PEDREIRA;5
353715 PEDRINHAS PAULISTA;1
353730 PENAPOLIS;10
353740 PEREIRA BARRETO;4
353760 PERUIBE;13
353780 PIEDADE;4
353790 PILAR DO SUL;3
353800 PINDAMONHANGABA;17
353810 PINDORAMA;3
353820 PINHALZINHO;1
353850 PIQUETE;2
353860 PIRACAIA;1
353870 PIRACICABA;60
353910 PIRAPORA DO BOM JESUS;3
353920 PIRAPOZINHO;4
353930 PIRASSUNUNGA;3
353950 PITANGUEIRAS;4
353980 POA;13
354010 PONGAI;1
354020 PONTAL;5
354040 POPULINA;1
354050 PORANGABA;1
354060 PORTO FELIZ;2
354070 PORTO FERREIRA;3
354075 POTIM;5
354080 POTIRENDABA;1
354090 PRADOPOLIS;3
354100 PRAIA GRANDE;36
354105 PRATANIA;1
354120 PRESIDENTE BERNARDES;1
354130 PRESIDENTE EPITACIO;5
354140 PRESIDENTE PRUDENTE;42
354150 PRESIDENTE VENCESLAU;5
354160 PROMISSAO;3
354170 QUATA;1
354190 QUELUZ;1
354220 RANCHARIA;4
354240 REGENTE FEIJO;3
354250 REGINOPOLIS;1
354260 REGISTRO;7
354300 RIBEIRAO BRANCO;2
354330 RIBEIRAO PIRES;20
354340 RIBEIRAO PRETO;61
354350 RIVERSUL;2
354390 RIO CLARO;23
354400 RIO DAS PEDRAS;2
354410 RIO GRANDE DA SERRA;4
354425 ROSANA;5
354430 ROSEIRA;1
354460 SABINO;2
354480 SALES;3
354500 SALESOPOLIS;2
354515 SALTINHO;1
354520 SALTO;11
354530 SALTO DE PIRAPORA;4
354540 SALTO GRANDE;3
354550 SANDOVALINA;1
354560 SANTA ADELIA;1
354580 SANTA BARBARA D'OESTE;19
354625 SANTA CRUZ DA ESPERANCA;1
354630 SANTA CRUZ DAS PALMEIRAS;5
354640 SANTA CRUZ DO RIO PARDO;4
354650 SANTA ERNESTINA;1
354660 SANTA FE DO SUL;1
354670 SANTA GERTRUDES;5
354680 SANTA ISABEL;5
354700 SANTA MARIA DA SERRA;1
354730 SANTANA DE PARNAIBA;14
354750 SANTA RITA DO PASSA QUATRO;1
354770 SANTO ANASTACIO;2
354780 SANTO ANDRE;85
354790 SANTO ANTONIO DA ALEGRIA;1
354800 SANTO ANTONIO DE POSSE;6
354840 SANTOPOLIS DO AGUAPEI;1
354850 SANTOS;46
354870 SAO BERNARDO DO CAMPO;65
354880 SAO CAETANO DO SUL;10
354890 SAO CARLOS;8
354910 SAO JOAO DA BOA VISTA;2
354940 SAO JOAQUIM DA BARRA;5
354960 SAO JOSE DO BARREIRO;1
354970 SAO JOSE DO RIO PARDO;1
354980 SAO JOSE DO RIO PRETO;42
354990 SAO JOSE DOS CAMPOS;60
354995 SAO LOURENCO DA SERRA;4
355010 SAO MANUEL;5
355030 SAO PAULO;1486
355040 SAO PEDRO;2
355060 SAO ROQUE;6
355070 SAO SEBASTIAO;17
355080 SAO SEBASTIAO DA GRAMA;1
355090 SAO SIMAO;1
355100 SAO VICENTE;63
355120 SARUTAIA;1
355140 SERRA AZUL;3
355150 SERRANA;7
355160 SERRA NEGRA;1
355170 SERTAOZINHO;9
355190 SEVERINIA;2
355220 SOROCABA;85
355240 SUMARE;42
355250 SUZANO;36
355255 SUZANAPOLIS;1
355260 TABAPUA;1
355270 TABATINGA;2
355280 TABOAO DA SERRA;44
355300 TAGUAI;3
355340 TANABI;2
355350 TAPIRAI;2
355370 TAQUARITINGA;1
355395 TARUMA;1
355400 TATUI;15
355410 TAUBATE;49
355420 TEJUPA;1
355430 TEODORO SAMPAIO;7
355440 TERRA ROXA;1
355450 TIETE;2
355470 TORRINHA;1
355480 TREMEMBE;6
355500 TUPA;4
355510 TUPI PAULISTA;1
355540 UBATUBA;15
355550 UBIRAJARA;2
355560 UCHOA;1
355620 VALINHOS;3
355630 VALPARAISO;5
355635 VARGEM;2
355640 VARGEM GRANDE DO SUL;2
355645 VARGEM GRANDE PAULISTA;6
355650 VARZEA PAULISTA;16
355670 VINHEDO;4
355680 VIRADOURO;3
355700 VOTORANTIM;11
355710 VOTUPORANGA;6
410010 ABATIA;1
410020 ADRIANOPOLIS;1
410030 AGUDOS DO SUL;1
410040 ALMIRANTE TAMANDARE;95
410045 ALTAMIRA DO PARANA;3
410050 ALTONIA;11
410060 ALTO PARANA;1
410080 ALVORADA DO SUL;1
410100 AMPERE;5
410110 ANDIRA;6
410120 ANTONINA;6
410140 APUCARANA;21
410150 ARAPONGAS;16
410160 ARAPOTI;8
410165 ARAPUA;1
410170 ARARUNA;2
410180 ARAUCARIA;81
410190 ASSAI;5
410200 ASSIS CHATEAUBRIAND;3
410220 ATALAIA;1
410230 BALSA NOVA;6
410240 BANDEIRANTES;8
410250 BARBOSA FERRAZ;2
410260 BARRACAO;1
410280 BELA VISTA DO PARAISO;1
410290 BITURUNA;3
410305 BOA VISTA DA APARECIDA;5
410315 BOM JESUS DO SUL;1
410345 CAFELANDIA;1
410347 CAFEZAL DO SUL;4
410350 CALIFORNIA;1
410360 CAMBARA;5
410370 CAMBE;24
410380 CAMBIRA;2
410390 CAMPINA DA LAGOA;4
410395 CAMPINA DO SIMAO;1
410400 CAMPINA GRANDE DO SUL;37
410405 CAMPO BONITO;1
410420 CAMPO LARGO;42
410425 CAMPO MAGRO;16
410430 CAMPO MOURAO;47
410440 CANDIDO DE ABREU;2
410442 CANDOI;5
410445 CANTAGALO;5
410450 CAPANEMA;1
410460 CAPITAO LEONIDAS MARQUES;4
410465 CARAMBEI;4
410470 CARLOPOLIS;1
410480 CASCAVEL;126
410490 CASTRO;10
410500 CATANDUVAS;4
410510 CENTENARIO DO SUL;2
410520 CERRO AZUL;5
410530 CEU AZUL;2
410540 CHOPINZINHO;5
410550 CIANORTE;11
410560 CIDADE GAUCHA;4
410580 COLOMBO;147
410590 COLORADO;2
410620 CONTENDA;2
410630 CORBELIA;6
410640 CORNELIO PROCOPIO;12
410645 CORONEL DOMINGOS SOARES;1
410650 CORONEL VIVIDA;8
410657 CRUZEIRO DO IGUACU;2
410660 CRUZEIRO DO OESTE;3
410680 CRUZ MACHADO;2
410685 CRUZMALTINA;1
410690 CURITIBA;759
410700 CURIUVA;7
410710 DIAMANTE DO NORTE;2
410712 DIAMANTE DO SUL;1
410720 DOIS VIZINHOS;4
410725 DOURADINA;1
410740 ENEAS MARQUES;1
410750 ENGENHEIRO BELTRAO;1
410754 ESPIGAO ALTO DO IGUACU;1
410755 FAROL;1
410760 FAXINAL;6
410765 FAZENDA RIO GRANDE;49
410770 FENIX;2
410785 FLOR DA SERRA DO SUL;1
410800 FLORESTOPOLIS;9
410820 FORMOSA DO OESTE;1
410830 FOZ DO IGUACU;170
410840 FRANCISCO BELTRAO;8
410845 FOZ DO JORDAO;1
410850 GENERAL CARNEIRO;3
410860 GOIOERE;10
410865 GOIOXIM;4
410870 GRANDES RIOS;1
410880 GUAIRA;28
410910 GUAPOREMA;1
410920 GUARACI;2
410930 GUARANIACU;3
410940 GUARAPUAVA;42
410960 GUARATUBA;24
410970 IBAITI;7
410975 IBEMA;2
410980 IBIPORA;10
410990 ICARAIMA;1
411000 IGUARACU;1
411007 IMBAU;4
411010 IMBITUVA;9
411020 INACIO MARTINS;3
411030 INAJA;1
411040 INDIANOPOLIS;1
411060 IPORA;7
411065 IRACEMA DO OESTE;2
411070 IRATI;8
411080 IRETAMA;1
411100 ITAMBARACA;3
411110 ITAMBE;1
411120 ITAPEJARA D'OESTE;2
411125 ITAPERUCU;8
411140 IVAI;2
411150 IVAIPORA;6
411155 IVATE;1
411180 JACAREZINHO;3
411190 JAGUAPITA;6
411200 JAGUARIAIVA;8
411210 JANDAIA DO SUL;3
411220 JANIOPOLIS;2
411230 JAPIRA;1
411250 JARDIM ALEGRE;2
411270 JATAIZINHO;3
411300 JUSSARA;1
411310 KALORE;1
411320 LAPA;12
411325 LARANJAL;3
411330 LARANJEIRAS DO SUL;13
411345 LINDOESTE;1
411350 LOANDA;5
411370 LONDRINA;119
411373 LUIZIANA;2
411390 MALLET;2
411400 MAMBORE;2
411410 MANDAGUACU;3
411420 MANDAGUARI;4
411430 MANDIRITUBA;8
411435 MANFRINOPOLIS;2
411440 MANGUEIRINHA;3
411450 MANOEL RIBAS;4
411460 MARECHAL CANDIDO RONDON;18
411470 MARIA HELENA;4
411480 MARIALVA;4
411490 MARILANDIA DO SUL;2
411500 MARILENA;2
411510 MARILUZ;3
411520 MARINGA;35
411530 MARIOPOLIS;2
411545 MARQUINHO;2
411560 MATELANDIA;9
411570 MATINHOS;11
411573 MATO RICO;1
411575 MAUA DA SERRA;2
411580 MEDIANEIRA;9
411605 MISSAL;2
411620 MORRETES;4
411630 MUNHOZ DE MELO;1
411670 NOVA AURORA;6
411680 NOVA CANTU;1
411690 NOVA ESPERANCA;7
411705 NOVA LARANJEIRAS;4
411710 NOVA LONDRINA;1
411721 NOVA SANTA BARBARA;1
411722 NOVA SANTA ROSA;2
411725 NOVA PRATA DO IGUACU;2
411727 NOVA TEBAS;2
411730 ORTIGUEIRA;8
411745 OURO VERDE DO OESTE;4
411750 PAICANDU;9
411760 PALMAS;9
411770 PALMEIRA;3
411780 PALMITAL;3
411790 PALOTINA;8
411800 PARAISO DO NORTE;2
411810 PARANACITY;3
411820 PARANAGUA;39
411840 PARANAVAI;22
411845 PATO BRAGADO;1
411850 PATO BRANCO;6
411880 PEABIRU;6
411885 PEROBAL;3
411890 PEROLA;1
411910 PIEN;2
411915 PINHAIS;113
411920 PINHALAO;1
411930 PINHAO;7
411940 PIRAI DO SUL;4
411950 PIRAQUARA;101
411960 PITANGA;6
411970 PLANALTINA DO PARANA;1
411980 PLANALTO;2
411990 PONTA GROSSA;68
411995 PONTAL DO PARANA;14
412000 PORECATU;4
412010 PORTO AMAZONAS;2
412020 PORTO RICO;2
412033 PRADO FERREIRA;1
412040 PRESIDENTE CASTELO BRANCO;1
412060 PRUDENTOPOLIS;3
412080 QUATRO BARRAS;9
412085 QUATRO PONTES;1
412090 QUEDAS DO IGUACU;7
412100 QUERENCIA DO NORTE;6
412120 QUITANDINHA;3
412125 RAMILANDIA;6
412150 REBOUCAS;4
412160 RENASCENCA;2
412170 RESERVA;6
412175 RESERVA DO IGUACU;2
412180 RIBEIRAO CLARO;1
412190 RIBEIRAO DO PINHAL;1
412200 RIO AZUL;1
412215 RIO BONITO DO IGUACU;6
412220 RIO BRANCO DO SUL;17
412230 RIO NEGRO;3
412240 ROLANDIA;28
412250 RONCADOR;3
412310 SANTA AMELIA;1
412330 SANTA CRUZ DE MONTE CASTELO;2
412340 SANTA FE;1
412350 SANTA HELENA;12
412370 SANTA ISABEL DO IVAI;2
412382 SANTA LUCIA;1
412385 SANTA MARIA DO OESTE;2
412390 SANTA MARIANA;1
412402 SANTA TEREZA DO OESTE;1
412405 SANTA TEREZINHA DE ITAIPU;15
412410 SANTO ANTONIO DA PLATINA;4
412440 SANTO ANTONIO DO SUDOESTE;3
412450 SANTO INACIO;1
412460 SAO CARLOS DO IVAI;1
412470 SAO JERONIMO DA SERRA;1
412480 SAO JOAO;1
412490 SAO JOAO DO CAIUA;1
412500 SAO JOAO DO IVAI;6
412520 SAO JORGE D'OESTE;1
412540 SAO JOSE DA BOA VISTA;1
412545 SAO JOSE DAS PALMEIRAS;2
412550 SAO JOSE DOS PINHAIS;164
412560 SAO MATEUS DO SUL;4
412570 SAO MIGUEL DO IGUACU;14
412575 SAO PEDRO DO IGUACU;3
412600 SAO SEBASTIAO DA AMOREIRA;1
412610 SAO TOME;1
412620 SAPOPEMA;1
412625 SARANDI;44
412627 SAUDADE DO IGUACU;1
412630 SENGES;2
412640 SERTANEJA;1
412650 SERTANOPOLIS;4
412660 SIQUEIRA CAMPOS;1
412665 SULINA;4
412667 TAMARANA;4
412670 TAMBOARA;5
412680 TAPEJARA;1
412700 TEIXEIRA SOARES;2
412710 TELEMACO BORBA;25
412720 TERRA BOA;1
412730 TERRA RICA;3
412740 TERRA ROXA;2
412750 TIBAGI;3
412760 TIJUCAS DO SUL;2
412770 TOLEDO;26
412785 TRES BARRAS DO PARANA;2
412788 TUNAS DO PARANA;2
412790 TUNEIRAS DO OESTE;2
412795 TUPASSI;1
412800 UBIRATA;1
412810 UMUARAMA;41
412820 UNIAO DA VITORIA;17
412840 URAI;1
412850 WENCESLAU BRAZ;5
412853 VENTANIA;1
412855 VERA CRUZ DO OESTE;1
412862 ALTO PARAISO;1
412863 DOUTOR ULYSSES;3
412865 VIRMOND;1
412880 XAMBRE;1
420010 ABELARDO LUZ;5
420030 AGRONOMICA;1
420040 AGUA DOCE;3
420060 AGUAS MORNAS;1
420070 ALFREDO WAGNER;1
420090 ANGELINA;1
420120 ANTONIO CARLOS;2
420125 APIUNA;1
420130 ARAQUARI;4
420140 ARARANGUA;5
420150 ARMAZEM;1
420195 BALNEARIO ARROIO DO SILVA;5
420200 BALNEARIO CAMBORIU;19
420205 BALNEARIO BARRA DO SUL;2
420208 BANDEIRANTE;1
420210 BARRA VELHA;1
420220 BENEDITO NOVO;1
420230 BIGUACU;15
420240 BLUMENAU;33
420245 BOMBINHAS;1
420253 BOM JESUS;1
420260 BOM RETIRO;1
420280 BRACO DO NORTE;2
420287 BRUNOPOLIS;1
420290 BRUSQUE;4
420300 CACADOR;10
420320 CAMBORIU;21
420325 CAPAO ALTO;1
420330 CAMPO ALEGRE;2
420350 CAMPO ERE;2
420360 CAMPOS NOVOS;10
420370 CANELINHA;1
420380 CANOINHAS;4
420390 CAPINZAL;2
420395 CAPIVARI DE BAIXO;1
420400 CATANDUVAS;3
420420 CHAPECO;31
420425 COCAL DO SUL;4
420430 CONCORDIA;5
420440 CORONEL FREITAS;1
420445 CORONEL MARTINS;2
420455 CORREIA PINTO;1
420460 CRICIUMA;17
420480 CURITIBANOS;4
420490 DESCANSO;1
420500 DIONISIO CERQUEIRA;1
420530 FAXINAL DOS GUEDES;1
420540 FLORIANOPOLIS;92
420545 FORQUILHINHA;1
420550 FRAIBURGO;6
420560 GALVAO;1
420570 GAROPABA;2
420580 GARUVA;1
420590 GASPAR;6
420640 GUARACIABA;1
420670 HERVAL D'OESTE;2
420690 IBIRAMA;1
420700 ICARA;5
420710 ILHOTA;1
420730 IMBITUBA;4
420750 INDAIAL;4
420757 IOMERE;1
420768 IPUACU;1
420780 IRANI;2
420790 IRINEOPOLIS;1
420810 ITAIOPOLIS;2
420820 ITAJAI;55
420830 ITAPEMA;12
420845 ITAPOA;1
420870 JACINTO MACHADO;1
420890 JARAGUA DO SUL;12
420900 JOACABA;3
420910 JOINVILLE;81
420930 LAGES;16
420940 LAGUNA;7
420960 LAURO MULLER;2
420970 LEBON REGIS;2
421010 MAFRA;9
421030 MAJOR VIEIRA;1
421050 MARAVILHA;1
421060 MASSARANDUBA;1
421070 MATOS COSTA;1
421090 MODELO;2
421100 MONDAI;1
421120 MORRO DA FUMACA;1
421130 NAVEGANTES;21
421145 NOVA ITABERABA;1
421150 NOVA TRENTO;1
421170 ORLEANS;2
421190 PALHOCA;20
421200 PALMA SOLA;1
421210 PALMITOS;2
421220 PAPANDUVA;2
421230 PAULO LOPES;1
421250 PENHA;4
421270 PETROLANDIA;1
421290 PINHALZINHO;1
421300 PINHEIRO PRETO;1
421340 PONTE SERRADA;1
421350 PORTO BELO;2
421360 PORTO UNIAO;4
421420 QUILOMBO;1
421450 RIO DO CAMPO;1
421460 RIO DO OESTE;2
421480 RIO DO SUL;3
421490 RIO FORTUNA;2
421500 RIO NEGRINHO;3
421510 RODEIO;2
421520 ROMELANDIA;1
421535 SALTINHO;2
421545 SANGAO;1
421550 SANTA CECILIA;5
421567 SANTA TEREZINHA;2
421575 SAO BERNARDINO;1
421580 SAO BENTO DO SUL;10
421600 SAO CARLOS;1
421620 SAO FRANCISCO DO SUL;7
421630 SAO JOAO BATISTA;2
421635 SAO JOAO DO ITAPERIU;1
421650 SAO JOAQUIM;3
421660 SAO JOSE;31
421670 SAO JOSE DO CEDRO;2
421690 SAO LOURENCO DO OESTE;2
421720 SAO MIGUEL DO OESTE;5
421740 SCHROEDER;1
421750 SEARA;1
421760 SIDEROPOLIS;1
421775 SUL BRASIL;1
421780 TAIO;1
421790 TANGARA;1
421800 TIJUCAS;1
421810 TIMBE DO SUL;1
421820 TIMBO;4
421830 TRES BARRAS;6
421870 TUBARAO;16
421890 URUBICI;1
421920 VIDAL RAMOS;2
421930 VIDEIRA;3
421950 XANXERE;2
421970 XAXIM;7
430010 AGUDO;1
430040 ALEGRETE;6
430045 ALEGRIA;2
430050 ALPESTRE;5
430060 ALVORADA;105
430064 AMETISTA DO SUL;3
430080 ANTONIO PRADO;1
430100 ARROIO DO MEIO;2
430105 ARROIO DO SAL;1
430110 ARROIO DOS RATOS;1
430130 ARROIO GRANDE;2
430140 ARVOREZINHA;2
430160 BAGE;12
430163 BALNEARIO PINHAL;2
430175 BARAO DO TRIUNFO;2
430200 BARROS CASSAL;4
430210 BENTO GONCALVES;15
430230 BOM JESUS;2
430235 BOM PRINCIPIO;1
430237 BOM PROGRESSO;1
430270 BUTIA;2
430280 CACAPAVA DO SUL;1
430290 CACEQUI;1
430300 CACHOEIRA DO SUL;10
430310 CACHOEIRINHA;21
430340 CAICARA;2
430350 CAMAQUA;7
430390 CAMPO BOM;9
430410 CAMPOS BORGES;1
430420 CANDELARIA;7
430430 CANDIDO GODOI;1
430440 CANELA;7
430450 CANGUCU;4
430460 CANOAS;117
430463 CAPAO DA CANOA;15
430466 CAPAO DO LEAO;1
430470 CARAZINHO;12
430471 CARAA;1
430495 CASEIROS;1
430500 CATUIPE;1
430510 CAXIAS DO SUL;117
430512 CERRITO;1
430513 CERRO BRANCO;1
430515 CERRO GRANDE;1
430517 CERRO GRANDE DO SUL;1
430530 CHAPADA;2
430535 CHARQUEADAS;3
430545 CIDREIRA;1
430550 CIRIACO;2
430580 CONSTANTINA;1
430590 CORONEL BICACO;2
430600 CRISSIUMAL;1
430605 CRISTAL;1
430607 CRISTAL DO SUL;1
430610 CRUZ ALTA;19
430632 DERRUBADAS;1
430640 DOIS IRMAOS;2
430655 DOM PEDRO DE ALCANTARA;1
430660 DOM PEDRITO;11
430670 DONA FRANCISCA;1
430676 ELDORADO DO SUL;7
430680 ENCANTADO;1
430690 ENCRUZILHADA DO SUL;6
430695 ENTRE RIOS DO SUL;1
430700 ERECHIM;17
430705 ERNESTINA;1
430710 HERVAL;1
430720 ERVAL GRANDE;1
430730 ERVAL SECO;2
430760 ESTANCIA VELHA;3
430770 ESTEIO;8
430781 ESTRELA VELHA;2
430790 FARROUPILHA;7
430800 FAXINAL DO SOTURNO;1
430820 FLORES DA CUNHA;3
430825 FLORIANO PEIXOTO;1
430830 FONTOURA XAVIER;5
430850 FREDERICO WESTPHALEN;6
430860 GARIBALDI;1
430870 GAURAMA;1
430880 GENERAL CAMARA;1
430900 GIRUA;1
430905 GLORINHA;1
430910 GRAMADO;1
430912 GRAMADO DOS LOUREIROS;2
430915 GRAMADO XAVIER;1
430920 GRAVATAI;46
430930 GUAIBA;41
430940 GUAPORE;3
430960 HORIZONTINA;1
430965 HULHA NEGRA;1
430970 HUMAITA;2
430980 IBIACA;1
430995 IBIRAPUITA;1
431000 IBIRUBA;2
431010 IGREJINHA;5
431020 IJUI;9
431033 IMBE;4
431041 INHACORA;1
431050 IRAI;3
431055 ITACURUBI;1
431057 ITAPUCA;1
431060 ITAQUI;4
431070 ITATIBA DO SUL;2
431087 JACUIZINHO;1
431090 JACUTINGA;1
431100 JAGUARAO;2
431113 JARI;1
431115 JOIA;1
431120 JULIO DE CASTILHOS;3
431125 LAGOAO;1
431130 LAGOA VERMELHA;8
431140 LAJEADO;8
431150 LAVRAS DO SUL;1
431160 LIBERATO SALZANO;1
431170 MACHADINHO;1
431177 MAQUINE;3
431180 MARAU;4
431198 MARIANA PIMENTEL;1
431213 MATO CASTELHANO;2
431220 MAXIMILIANO DE ALMEIDA;1
431230 MIRAGUAI;1
431237 MONTE ALEGRE DOS CAMPOS;2
431240 MONTENEGRO;8
431250 MOSTARDAS;1
431260 MUCUM;2
431265 NAO-ME-TOQUE;1
431270 NONOAI;3
431275 NOVA ALVORADA;1
431306 NOVA HARTZ;1
431337 NOVA SANTA RITA;1
431339 NOVO CABRAIS;3
431340 NOVO HAMBURGO;58
431342 NOVO MACHADO;1
431344 NOVO TIRADENTES;1
431349 NOVO BARREIRO;1
431350 OSORIO;5
431365 PALMARES DO SUL;4
431370 PALMEIRA DAS MISSOES;8
431380 PALMITINHO;1
431390 PANAMBI;1
431405 PAROBE;2
431410 PASSO FUNDO;58
431440 PELOTAS;33
431445 PINHAL;1
431447 PINHAL GRANDE;1
431450 PINHEIRO MACHADO;1
431470 PLANALTO;5
431477 PONTAO;1
431480 PORTAO;6
431490 PORTO ALEGRE;446
431500 PORTO LUCENA;1
431520 PUTINGA;1
431530 QUARAI;2
431540 REDENTORA;1
431560 RIO GRANDE;26
431570 RIO PARDO;3
431590 RODEIO BONITO;1
431600 ROLANTE;1
431620 RONDINHA;4
431640 ROSARIO DO SUL;6
431642 SAGRADA FAMILIA;1
431645 SALTO DO JACUI;1
431670 SANTA BARBARA DO SUL;3
431680 SANTA CRUZ DO SUL;10
431690 SANTA MARIA;33
431700 SANTANA DA BOA VISTA;4
431710 SANT'ANA DO LIVRAMENTO;11
431720 SANTA ROSA;5
431730 SANTA VITORIA DO PALMAR;7
431740 SANTIAGO;3
431750 SANTO ANGELO;8
431760 SANTO ANTONIO DA PATRULHA;1
431770 SANTO ANTONIO DAS MISSOES;7
431790 SANTO CRISTO;1
431800 SAO BORJA;6
431810 SAO FRANCISCO DE ASSIS;1
431820 SAO FRANCISCO DE PAULA;4
431830 SAO GABRIEL;6
431840 SAO JERONIMO;1
431844 SAO JORGE;1
431850 SAO JOSE DO NORTE;2
431860 SAO JOSE DO OURO;1
431870 SAO LEOPOLDO;90
431880 SAO LOURENCO DO SUL;3
431890 SAO LUIZ GONZAGA;10
431912 SAO MARTINHO DA SERRA;1
431915 SAO MIGUEL DAS MISSOES;2
431940 SAO PEDRO DO SUL;1
431950 SAO SEBASTIAO DO CAI;1
431970 SAO VALENTIM;1
431975 SAO VENDELINO;1
431990 SAPIRANGA;6
432000 SAPUCAIA DO SUL;43
432010 SARANDI;2
432020 SEBERI;3
432026 SEGREDO;1
432040 SERAFINA CORREA;1
432070 SOBRADINHO;2
432080 SOLEDADE;4
432085 TABAI;1
432120 TAQUARA;5
432130 TAQUARI;2
432132 TAQUARUCU DO SUL;1
432140 TENENTE PORTELA;4
432143 TERRA DE AREIA;2
432145 TEUTONIA;2
432150 TORRES;5
432160 TRAMANDAI;12
432170 TRES COROAS;1
432180 TRES DE MAIO;1
432183 TRES FORQUILHAS;2
432185 TRES PALMEIRAS;1
432190 TRES PASSOS;2
432195 TRINDADE DO SUL;4
432200 TRIUNFO;3
432218 TUPANCI DO SUL;1
432220 TUPANCIRETA;4
432230 TUPARENDI;1
432240 URUGUAIANA;14
432250 VACARIA;11
432260 VENANCIO AIRES;7
432270 VERA CRUZ;1
432280 VERANOPOLIS;3
432300 VIAMAO;80
432310 VICENTE DUTRA;2
432320 VICTOR GRAEFF;1
432375 VITORIA DAS MISSOES;1
432380 XANGRI-LA;1
500020 AGUA CLARA;6
500025 ALCINOPOLIS;1
500060 AMAMBAI;16
500070 ANASTACIO;3
500085 ANGELICA;4
500090 ANTONIO JOAO;4
500100 APARECIDA DO TABOADO;8
500110 AQUIDAUANA;2
500124 ARAL MOREIRA;4
500150 BANDEIRANTES;1
500190 BATAGUASSU;3
500200 BATAYPORA;3
500215 BODOQUENA;2
500220 BONITO;1
500230 BRASILANDIA;2
500240 CAARAPO;14
500260 CAMAPUA;3
500270 CAMPO GRANDE;160
500280 CARACOL;1
500290 CASSILANDIA;4
500295 CHAPADAO DO SUL;3
500310 CORGUINHO;1
500315 CORONEL SAPUCAIA;11
500320 CORUMBA;20
500330 COXIM;2
500345 DEODAPOLIS;1
500370 DOURADOS;73
500375 ELDORADO;3
500380 FATIMA DO SUL;1
500390 FIGUEIRAO;1
500400 GLORIA DE DOURADOS;1
500410 GUIA LOPES DA LAGUNA;4
500430 IGUATEMI;7
500460 ITAQUIRAI;12
500470 IVINHEMA;3
500480 JAPORA;3
500490 JARAGUARI;1
500500 JARDIM;1
500520 LADARIO;1
500525 LAGUNA CARAPA;1
500540 MARACAJU;15
500560 MIRANDA;4
500568 MUNDO NOVO;5
500570 NAVIRAI;12
500580 NIOAQUE;2
500600 NOVA ALVORADA DO SUL;9
500620 NOVA ANDRADINA;9
500625 NOVO HORIZONTE DO SUL;1
500630 PARANAIBA;3
500635 PARANHOS;4
500640 PEDRO GOMES;1
500660 PONTA PORA;44
500690 PORTO MURTINHO;3
500710 RIBAS DO RIO PARDO;3
500720 RIO BRILHANTE;12
500740 RIO VERDE DE MATO GROSSO;6
500750 ROCHEDO;1
500769 SAO GABRIEL DO OESTE;1
500770 SETE QUEDAS;4
500790 SIDROLANDIA;10
500795 TACURU;5
500800 TERENOS;4
500830 TRES LAGOAS;32
510010 ACORIZAL;1
510020 AGUA BOA;5
510025 ALTA FLORESTA;9
510030 ALTO ARAGUAIA;6
510040 ALTO GARCAS;2
510050 ALTO PARAGUAI;5
510060 ALTO TAQUARI;4
510120 ARAGUAINHA;1
510125 ARAPUTANGA;4
510130 ARENAPOLIS;6
510140 ARIPUANA;8
510160 BARAO DE MELGACO;1
510170 BARRA DO BUGRES;14
510180 BARRA DO GARCAS;7
510185 BOM JESUS DO ARAGUAIA;1
510190 BRASNORTE;7
510250 CACERES;13
510260 CAMPINAPOLIS;2
510263 CAMPO NOVO DO PARECIS;12
510267 CAMPO VERDE;11
510268 CAMPOS DE JULIO;1
510270 CANARANA;4
510285 CASTANHEIRA;1
510300 CHAPADA DOS GUIMARAES;3
510305 CLAUDIA;3
510310 COCALINHO;3
510320 COLIDER;5
510325 COLNIZA;16
510330 COMODORO;7
510335 CONFRESA;7
510337 COTRIGUACU;4
510340 CUIABA;201
510343 CURVELANDIA;2
510345 DENISE;2
510350 DIAMANTINO;9
510360 DOM AQUINO;2
510370 FELIZ NATAL;3
510390 GENERAL CARNEIRO;1
510410 GUARANTA DO NORTE;10
510420 GUIRATINGA;3
510454 ITANHANGA;5
510460 ITIQUIRA;2
510480 JACIARA;5
510490 JANGADA;1
510500 JAURU;2
510510 JUARA;12
510515 JUINA;6
510517 JURUENA;2
510520 JUSCIMEIRA;4
510523 LAMBARI D'OESTE;2
510525 LUCAS DO RIO VERDE;11
510550 VILA BELA DA SANTISSIMA TRINDADE;1
510558 MARCELANDIA;3
510560 MATUPA;6
510562 MIRASSOL D'OESTE;4
510590 NOBRES;4
510600 NORTELANDIA;1
510610 NOSSA SENHORA DO LIVRAMENTO;2
510615 NOVA BANDEIRANTES;8
510618 NOVA LACERDA;2
510621 NOVA CANAA DO NORTE;1
510622 NOVA MUTUM;5
510623 NOVA OLIMPIA;2
510624 NOVA UBIRATA;4
510625 NOVA XAVANTINA;2
510626 NOVO MUNDO;2
510627 NOVO HORIZONTE DO NORTE;1
510629 PARANAITA;1
510630 PARANATINGA;6
510637 PEDRA PRETA;2
510642 PEIXOTO DE AZEVEDO;14
510650 POCONE;4
510675 PONTES E LACERDA;19
510677 PORTO ALEGRE DO NORTE;1
510680 PORTO DOS GAUCHOS;4
510682 PORTO ESPERIDIAO;1
510700 POXOREO;2
510704 PRIMAVERA DO LESTE;21
510710 SAO JOSE DOS QUATRO MARCOS;4
510718 RIBEIRAO CASCALHEIRA;2
510720 RIO BRANCO;2
510724 SANTA CARMEM;1
510726 SANTO AFONSO;1
510730 SAO JOSE DO RIO CLARO;5
510735 SAO JOSE DO XINGU;3
510740 SAO PEDRO DA CIPA;2
510760 RONDONOPOLIS;75
510770 ROSARIO OESTE;2
510777 SANTA TEREZINHA;2
510779 SANTO ANTONIO DO LESTE;2
510780 SANTO ANTONIO DO LEVERGER;5
510787 SAPEZAL;4
510790 SINOP;33
510792 SORRISO;15
510794 TABAPORA;2
510795 TANGARA DA SERRA;28
510800 TAPURAH;4
510805 TERRA NOVA DO NORTE;1
510840 VARZEA GRANDE;118
510850 VERA;2
510860 VILA RICA;10
510890 NOVA MARINGA;3
510895 NOVA MONTE VERDE;3
520005 ABADIA DE GOIAS;2
520010 ABADIANIA;1
520013 ACREUNA;1
520017 AGUA FRIA DE GOIAS;1
520025 AGUAS LINDAS DE GOIAS;104
520030 ALEXANIA;17
520055 ALTO HORIZONTE;1
520080 ALVORADA DO NORTE;8
520110 ANAPOLIS;90
520140 APARECIDA DE GOIANIA;195
520170 ARAGARCAS;5
520180 ARAGOIANIA;1
520215 ARAGUAPAZ;2
520320 BARRO ALTO;2
520330 BELA VISTA DE GOIAS;7
520340 BOM JARDIM DE GOIAS;1
520350 BOM JESUS DE GOIAS;1
520355 BONFINOPOLIS;1
520396 BURITINOPOLIS;2
520410 CACHOEIRA ALTA;2
520425 CACHOEIRA DOURADA;1
520430 CACU;1
520440 CAIAPONIA;4
520450 CALDAS NOVAS;16
520465 CAMPINACU;2
520470 CAMPINORTE;3
520480 CAMPO ALEGRE DE GOIAS;3
520485 CAMPO LIMPO DE GOIAS;1
520490 CAMPOS BELOS;6
520495 CAMPOS VERDES;1
520500 CARMO DO RIO VERDE;1
520505 CASTELANDIA;1
520510 CATALAO;7
520540 CERES;2
520545 CEZARINA;1
520547 CHAPADAO DO CEU;2
520549 CIDADE OCIDENTAL;31
520551 COCALZINHO DE GOIAS;7
520590 CORUMBAIBA;1
520620 CRISTALINA;23
520630 CRISTIANOPOLIS;1
520650 CROMINIA;1
520670 DAMIANOPOLIS;2
520710 DIORAMA;1
520725 DOVERLANDIA;1
520740 EDEIA;4
520750 ESTRELA DO NORTE;1
520760 FAZENDA NOVA;2
520790 FLORES DE GOIAS;1
520800 FORMOSA;48
520830 DIVINOPOLIS DE GOIAS;1
520840 GOIANAPOLIS;2
520850 GOIANDIRA;1
520860 GOIANESIA;19
520870 GOIANIA;390
520880 GOIANIRA;14
520890 GOIAS;3
520910 GOIATUBA;7
520915 GOUVELANDIA;1
520920 GUAPO;2
520929 GUARAITA;1
520940 GUARANI DE GOIAS;2
520970 HIDROLANDIA;3
520990 IACIARA;7
520995 INDIARA;1
521000 INHUMAS;30
521010 IPAMERI;2
521015 IPIRANGA DE GOIAS;2
521020 IPORA;9
521040 ITABERAI;8
521056 ITAGUARI;1
521060 ITAGUARU;1
521090 ITAPACI;4
521100 ITAPIRAPUA;2
521120 ITAPURANGA;3
521150 ITUMBIARA;12
521180 JARAGUA;2
521190 JATAI;35
521200 JAUPACI;1
521205 JESUPOLIS;1
521210 JOVIANIA;1
521220 JUSSARA;1
521230 LEOPOLDO DE BULHOES;2
521250 LUZIANIA;143
521300 MAURILANDIA;1
521308 MINACU;7
521310 MINEIROS;9
521350 MONTE ALEGRE DE GOIAS;1
521370 MONTES CLAROS DE GOIAS;2
521375 MONTIVIDIU;3
521380 MORRINHOS;5
521400 MOZARLANDIA;2
521405 MUNDO NOVO;1
521410 MUTUNOPOLIS;1
521450 NEROPOLIS;13
521460 NIQUELANDIA;16
521470 NOVA AMERICA;1
521483 NOVA CRIXAS;2
521487 NOVA IGUACU DE GOIAS;1
521520 NOVO BRASIL;1
521523 NOVO GAMA;69
521530 ORIZONA;1
521540 OURO VERDE DE GOIAS;2
521550 OUVIDOR;1
521560 PADRE BERNARDO;17
521570 PALMEIRAS DE GOIAS;6
521710 PIRACANJUBA;2
521720 PIRANHAS;3
521730 PIRENOPOLIS;5
521740 PIRES DO RIO;2
521760 PLANALTINA;40
521770 PONTALINA;5
521800 PORANGATU;3
521810 PORTELANDIA;1
521830 POSSE;6
521839 PROFESSOR JAMIL;1
521850 QUIRINOPOLIS;3
521860 RIALMA;2
521870 RIANAPOLIS;3
521880 RIO VERDE;88
521930 SANTA HELENA DE GOIAS;12
521940 SANTA RITA DO ARAGUAIA;2
521945 SANTA RITA DO NOVO DESTINO;1
521970 SANTA TEREZINHA DE GOIAS;2
521971 SANTO ANTONIO DA BARRA;1
521975 SANTO ANTONIO DO DESCOBERTO;38
521980 SAO DOMINGOS;3
521990 SAO FRANCISCO DE GOIAS;1
522000 SAO JOAO D'ALIANCA;2
522005 SAO JOAO DA PARAUNA;1
522010 SAO LUIS DE MONTES BELOS;4
522015 SAO LUIZ DO NORTE;1
522020 SAO MIGUEL DO ARAGUAIA;6
522040 SAO SIMAO;3
522045 SENADOR CANEDO;12
522050 SERRANOPOLIS;2
522068 SIMOLANDIA;2
522119 TEREZOPOLIS DE GOIAS;1
522140 TRINDADE;8
522145 TROMBAS;1
522155 TURVELANDIA;2
522157 UIRAPURU;1
522160 URUACU;7
522170 URUANA;7
522185 VALPARAISO DE GOIAS;103
522190 VARJAO;1
522200 VIANOPOLIS;2
522205 VICENTINOPOLIS;1
522220 VILA BOA;1
530010 BRASILIA;782
